label,seq
1,CAACGAGTCCCGCGCCCCCCCGTTTGCGCCCGCCCCCGCGT
1,GGCTCGCGCCCCAGGTTTTGCGGCGACCGCCGCGCCCTCCT
1,ATTTTTATGATTTTCTAAAGCGTAACCTTGGAAAATCCTAG
1,GCTCGAGCGGCCAAGGCCAGCGCGCGCGGGGACAAGGCAAG
1,TCGCCGGCCCCCATCCGCTTCCCTCCCGACAATTTCAAGCA
1,TTCCCTCAGGATAGCTGGAGCCCGGAGTTCTATCGGGTAAA
1,CCGAGCTGGCTAGGCCGTGGCCGCGCAAAACGGCCTTCCTT
1,TGCCAGCGCGCCCCAGCGGGCGCTGGCAGGACCCCGAAGCT
1,TCGGCGCGGACGGGCGCAATCGTGCGAGTCGAGCGGCGTAG
1,GATCTCAATTAGAGAAGACTCAGTAAGGTATATCAATCAAA
1,ACTTCACCGGACCATTCAATCGGTAGGAGCGACGGGCGGTG
1,TCGGTGCGTCCGCGCGACGCCCCGCACGCCCCGAACGAGCG
1,GCCCCGAGTCACGCGCAGTGCTCGGGCGTCCATGGGGTTTC
1,GAACGGCGAGAGCCGGTCCGCCGATCGACTCGGGGCGCGGA
1,GACCGTGTTACTGCATGGATCGGGATTATAAATCCTACCAT
1,TGCCAGCGCCCGCTGGGGCGCGCTGGCAAGGAGAAAGGGTC
1,CCGGTGAAGTGTTCGGATCGCGGCGACGTGGGCGGTTCGCT
1,CTATTCTAATTTTTTAATGGCAGTTCCAAAAAAACGCACTT
1,CCCTTAGATGTTCTGGGCCGCACGCGCGCTACACTGATGTA
1,CAATCGTGCGAGTCGAGCGGCGTAGGGCGCTCGTTCGGGGC
1,AATCCGGGCTAGAAGCGACGCGTGCGCCCGCCGCCCGTTTG
1,TCTAGCTTGTCTCTTGTCAGCGGCTTCGTCAACATGTCTGC
1,CGTGCGCGCGAGGTCCAAGGCGACCGCGCCCGCGTGGGGCG
1,CTTGCGGGGGATGGGCGCGGCAGGAGCAGCACGCTAGCAGC
1,AGTGAAGAAATTCAACCAAGCGCGGGTAAACGGCGGGAGTA
1,TCATCGGGGCCTGGCGCTTGCCCCGACGGCCGGTTATAGGT
1,TTCATCTTTCCCTCGCGGTACTTGTTTGCTATCGGTCTCTC
1,GTCCCTCTGGCGAGCCAGCGCCCTGGCAACAAGGTGCGTCC
1,GGGGCGTGCGGGGCGTCGCGCGGACGCACCGAGCCCGGGGG
1,TTCCCCTCGCGGGGGCGACCCTCGGTCGCGCGGGGCGGGGG
1,TCCGAGAGAACGAGCGTGCGCGCGAGGTCCAAGGCGACCGC
1,CGATCCACTGAGATTCAGCCCTGCGTCGCTTCGATTCGTCC
1,AAGCAGTGCGGCATGGCTAGCGCGCGAAGGCAAGCGGTGCC
1,ATATTTGGGAGGTGCCAAAACGAGTGCGACATGATTTGGAG
1,GTCCCTCTCACGCGATGTCCCTCTGGCGAGCCAGCGCCCTG
1,CTCCTCGCACGAGGAGAGAGCGCGCGCGCGCATTCGGGGGT
1,ATTAACAGTTTCCATAAAATCGGGACTAGCTGTCCAAAAAT
1,TCACATTGCGTGAGCATCCGCAGGGACCATCGCAATGCTTT
1,CGGAAGGATCATTGTCGAGACCTGCCCAGCGGCACGACCAG
1,GCCGCGCGGGCAACGAGTCCCGCGCCCCCCCGTTTGCGCCC
1,GTACCCATTCACTCGAAACTCCCTGGCGTCCATTTCCACTT
1,CGCGCGGCCCCCGAACGAAGCCCCGGCGCGGTCCGCGCCAA
1,ACACGCGAGACTCAAAATCTCGTGCTAAAGAGCGTGGAGGT
1,TACTAATGAATGATAAACATCTATATTTTTTTTTATTTTTT
1,AAAGAAACTTACGAGGATTCCCCTAGTAACGGCGAGCGAAC
1,CCACTCTGCCACTTACAATACCCCGTCGCGTATTTAAGTCG
1,GGCACGTGTCGTGGGCGCAGCCCGCGCGGCGGACGAGCCGC
1,ATTCAGAGGGGAAGAACTTGCAGCAGTATTTCAATTTCAAT
1,CATCCATCTCGGATGGCGGGCGGGGGTCGCGGTCCGTCTGG
1,GTAAGCTAACCTCCTTTTGCCCATGCACGGACGCTGGCAGC
1,CTCGCGCGCGCGCCCGCCCCCGCGTCGTTGTTTTGGGACGC
1,GCTCATGTCACGTCGAGGTACTGCAGAAGAAAAAACTGCAA
1,CCCTCGCGCTGGGTGGTGGGCACGGGCGCCGCTGGCAAGGC
1,CCGCCCATCCGAGATGGATGCGGGGCAGGAAATGCGGAAGC
1,GCACGAGATTTTGAGTCTCGCGTGTCTACCATTTCACCACC
1,CCGGCACCGCTTGCCTTGTCCCCGCGCGCGCTGGCCTTGGC
1,GTCAACGCGAGCTGATGACTCGCGCTTACTAGGAATTCCTC
1,GCCTTAGTCCCTCTAAGGCACCCGCACGCTGGCAAGCAGTG
1,CGCTCGCTCTCGGGGCCCTTCGGCCGCGGTCGCTCGCGCGC
1,GGCAGGACCCCGAAGCTGTTCGCGAGCGGCCAAGCGTGCCT
1,AGCTAATACGTGCAACAAACCCCGACTTCTGGAAGGGATGC
1,ATCGAACTGCCCGGCATGCGCCCGATCATTGTCGCCCCGAG
1,TTCAAAGACTCGATGATTCGCGGGATTCTGCAATTCACACC
1,TGGTTTCGCTGGATAGTAGACAGGGACAGTGGGAATCTCGT
1,CTGTTATTGCCTCAAACTTCCGCGGCCTGAACGGCCGTGGT
1,GACAACCAAGGAGGGACGGTCATAATAAGGTTTACAAGTCA
1,CGCGCGCGCGAGCGTCGCCCCGAGCGAACGGGGGGGCGCGC
1,ACCAAAGAGCTGCTGCGGTACCAATCAAAAAGACAGTTGTT
1,ATTTCATTAAATTTGAAATTCGATTCATAAAAATAATTAAT
1,CGTCGGGGCAAGCGCCAGGCCCCGATGAGTAGGAGGGCGCG
1,TCAATACCTCGGTGTAGGTCCGGGATAATCCTTTGTTCCGC
1,AGAAGCTTGGTCTAAAATTCCGGAAAAATTAGCTTTTTATG
1,GTAAACTCCCCCTTCTTTTTCTTAGAATCCCCCCTTATACC
1,ATTTTTACCATCATAACATTCGTTATCAGTGGTCTTGTGGA
1,TCAAGATAGATGGGAAGGGGCCCTATCAAGTAAAGGCCATA
1,GGTGGTAGGGTCGTATGGCTCGGCAGGCTCGGTGCTCGCGC
1,ATGCCCGCACCGCTTGCCAGCGTGCGGGCGCCTTAGAGGGA
1,CGAATGGGGAGCCCGCAGGCCGACGCCAGGAGCGCGCAGGT
1,GGCATGGGGCGACCCCGGGGCAGCAGGCACCCGGGGCATGA
1,GGGTTCAGGGAAAGGATCGCCCGAATATTGGGTAGCTATCG
1,CGACCCTCGGTCGCGCGGGGCGGGGGTCATCGCCGAGGAAT
1,CGGGGCCCTTCGGCCGCGGTCGCTCGCGCGCGCGCACCCCC
1,AGCTACTCGATTAGCTACAGCACCGGGTGCATTTCCCCAAG
1,CGCTAATCCTCTTGATAGTACGTGCAGGTACATAAACTGCT
1,CCCAAAGAGATGAGCAGGGTCCCAAATAACGAGAGAGATGT
1,CGATCATTGTCGCCCCGAGTCACGCGCAGTGCTCGGGCGTC
1,TCAGCCGCCTCGTCCCGGTTCAGGAATTTTAACCCGATTCC
1,ATTCATGTTTGGCATATGCCCGCTCTGACCGAAATCTTTGG
1,ATTCTAGCGAAACCGCCCATCAGGCCAGCGTTATCCACTGG
1,AGCTCATCTTAGGACACCTGCGTTATCTTTTAACAGATGTG
1,TGGGCGCGGCAGGAGCAGCACGCTAGCAGCGGCACGGTTGA
1,GCGCAGGTGCCGTGGCACGCCGCGAGGGCGCGCGCTGCCAG
1,CAAAGAATTTACACGATACACCCAAACAATCATTGCGAGGA
1,AGAGTTTCCTCTGGCTTCGCCCCGCTCAGGCATAGTTCACC
1,TTCAACCAAGCGCGGGTAAACGGCGGGAGTAACTATGACTC
1,TTTTCCGCGCCACTCTTTTGCACGGTTAGGTAAATTGTGCG
1,CGGCATGGCTGGTGCGCGAGCGGCCAAGGCATGCGAGGCAA
1,CTTGCCGCGGCTCAACGGAGCAGCCGCGGCGTCCTACCTAT
1,GTGGAAATCGTACTTCAGGGCGGCCAGCGCGGCTCGTCCGC
1,GAAGAAAAAACTCATAAGCCCTTATCGGATTTGAAACCCGA
1,CGAGGGCGCGCGCTGCCAGCCACGATCGCGACGACGACGTC
1,AGGACCGAGTGCCTTCCTCGCCCGGTCGTACTCATAACCGC
1,AGTTTGTCATTTTTTATTTCCGGCATAACGTAAAGACGAGT
1,TTCACGCATCCCTAGGAACTCCGCACGGGTGACAAAAAGGA
1,GGGATCGGAGTAATGATTAACAGGAACAGTCGGGGGCATTC
1,TTTATTGACCCATACTTATACTTACTATTAAATAATTGGCA
1,CCGCAGGCCGACGCCAGGAGCGCGCAGGTGCCGTGGCACGC
1,GGAGAGGAGGGCGTGGCGTGCGGGGGGCAACGATGCGTGAC
1,GAAAATGGATGGCGCTGAAGCGCGCGACCTATACCCGGCCG
1,CAGGCTGGGGACGCACCGCCCCCCCCGTCCCTCTAACGCGA
1,TGGCATATGCCCGCTCTGACCGAAATCTTTGGAGATGATTC
1,TTCAGTCATAATCCAGCGCACGGTAGCTTCGCGCCACTGGC
1,AGTTTGTGTACAAAAAATCACGCGAAAATTCCAAGTATTTC
1,GCACTGCTTCCTAAGAGCAGCGTGTCTACCGATTTCACCAT
1,AGAATACTTTATGAAATGGGCGGGGTAGCAGAAAACATAGC
1,CTTAGCAGAATATGGAGGTACTTATGGCAGAACGGACCAAT
1,TGTACAAATTGTACTCGAAACGGTGCTAATAAGAAATCAAT
1,GTTGTACCTGTAAACCAACCCCCTAGGGCGAAATAAGCACA
1,GTCCGCCGATCGACTCGGGGCGCGGACCGACGCGGATTGCG
1,CACGCCCAGCGGTCCGGGTTCGGCGTCGCACGATGCTTCCG
1,CAAGAATTCCCAAGGAATTCCAAGAATTTTTGCTATACGCT
1,ATAATCCTTTATTTTGTAAACTCCCCCTTCTTTTTCTTAGA
1,CGAATAAAACGAGAATTTCGCCTTCCCTTAATTATGTATAT
1,ACCAACACCCTTTGTGGGTTCTGGTTAGCGCGCAGTTGGGC
1,GCCCCGAGCGAACGGGGGGGCGCGCGGGACTCGTTGCCCGC
1,GAAGATTTAAATCCTTTAGCCGTTAATATAAAAATTAATAT
1,GACGAAGGCGTGTGGGTGTACTATTACGTGGTGAGGATTGT
1,ATCGCGCTTGGTTGAAAAGCCAGTGGCGCGAAGCTACCGTG
1,GTAAAAACACTAGCCCCGTGCGGTTCATAATGAAATTATTT
1,GCGGCGACCCGCTCTCGCCGCGGGAGCAGCTCGAGCAGTCC
1,CAGTCCATTCGGTTTGCGGGCCCCACGCAATCGACCGCACA
1,GTTACCTACCAAATAAAAAGCCTGCTCAGGAAGACCATCTA
1,AGGGAGTCCGGAGACGTCGGCGGGGGCCTCGGGAAGAGTTA
1,ATACAAGTATCACTTATATACAGAATTTCAAAGAGACCGTT
1,GTGCCGCAAGGCACCCGTGGCCTTGCCGCTAGCGTCCCCAA
1,GTTTTACCCACTCCAGCTCCCCACGAATAGTCCTATTTTTC
1,AGAGCCCCGTCGTGCCCGGACCCTGTCGCACCACGAGGCGC
1,AATATTCAGCCAGAGCAGCTCCTGTATACGGAGCGAGGTAT
1,GCGATTTGTCTGGTTAATTCCGTTAACGAACGAGACCTCAG
1,AGCGGAGGAAAAGAAACTTACGAGGAATTCCCCTAGTAACG
1,TAGTTCACCATCTTTCGGGTCCCGACAGGTATGCTCGCACT
1,CCGGCTTCCGGTTCATCCCGCATCGCCAGTTCTGCTTACCA
1,TGAGGAAAAACAGACGACCTCGTTGGCAGGGGCAAAATCGT
1,GGACCGCCTCGGCGGTCTTCCCCGGGCGTCGAACAGTCGAC
1,GACCATCCCCATGGGGCTGGCTGAAGGGAGGGCCCTAATTG
1,GTAATCCAGTAATTATCGCTCGTTCTCTTAATTGAATTGTA
1,ATATACTTCTAATGTCGAATCGGGATCAACTAGGACAGAAA
1,GGTCGCCGCAAAACCTGGGGCGCGAGCCCGGGCGGAGCGGC
1,GATTGCGACGGCGGCCCAAGCCCGGGCTGTAGACATGCCCG
1,AACCGTGCAAAAGAATAGCCCGGAAAAAACACGAGTTTTTT
1,CCGGGGCGCGAGAGAGAGGGCGTGGCGACGCCCCCGCGCCT
1,TAAGTCTAAATCCCTTCCGGCACCAGGAAACATCAATATGT
1,TAAGGCCGACGATGGTGGGTCCTACCAAAGAATTAAGGCAA
1,GCCGATATAAACGAAAATTCCGTTATTGTCCAATTCTGACC
1,GTATTCACCTCCATTATCTGCACGGACGCACTTCAGTTTCC
1,CATTCAGGAACCATAAATGCCAATTATTTAATAGTAAGTAT
1,TCCCTTTGAATGATAAATTCCCTTAATCATTAATTAATTAA
1,GGTAATTTCTTGGTCCTCCGCGGGTACTTGTGGATTCAAGG
1,TTTGCTACTACCACCAAGATCTGCACCGACGGCCGCTCCGC
1,CGCCCCAGCCAAACTCCCCACCTGACAATGTCTTCCGCCCG
1,TTTCTTTTCCAAGTGAAATCCCCTAGTATATGAAAGAGTGA
1,CCCAAGGGCAGGTTCTTACGCGTTACTCACCCGTCCGCCAC
1,CGGGCGGTGTGTACAAAGGGCAGGGACGTAGTCAACGCGAG
1,GCTGAAGCGCGCGACCTATACCCGGCCGTCGGGGCAAGCGC
1,TGAAAGTTGTAAGCTGTGTTCAGGGGGGGAGTTATTGTCTA
1,GCTATGCGGAGGTGACCCTCCGCGGCCAGCTTCTTAGAGGG
1,TTCTCCCTCCAAATAAGAATCTTTGCTGTGATGGCTGGGGT
1,AAAACGCGAGGGGCCTCGGCCCCGGACGAAAAAGAGTATAT
1,GCCTCGCGCCCCAGCCATGCCGGCACCGCTTGCCTCGCATG
1,GATGGGGGCCGGCGATGCGTCCCGGTCGGATGTGGAACGGC
1,GCTGGCCTCCCGTGCGCGGTCCCGCGCGCGGTTGGCCCAAA
1,CCTCATTGAAATAGGATTTTCGGGGTAAGGAATAAACAAAT
1,TGTATCGAGCTTCTTGGGAGCATTGTTTATTAAAAATGAAT
1,CCCGTTCGCTCGGGGCGACGCTCGCGCGCGCGCCCGCCCCC
1,GGCGCGAAGGACGCCCGGGGCGCGAGAGAGAGGGCGTGGCG
1,CGATTATTTCCTAATAATTGCTGTACTTCACAAGTCACATT
1,TCCACTACCAAGGTACAAGGCGCGGTTAGTTGTGAAGGGTT
1,GAACTCCGCAGTTAAGCGTGCTTGGCGAGAGTAGTACTAGG
1,CCCGCCGACGTCTCCGGACTCCCTAACGTTGCCGTCAGCCG
1,AGATCCATGCGTTCTTTTTTCTCTGACAGATGATCAGAACT
1,GCAAGTTGCGCCCGAAGCCACCCGGCCGAGGGCACGTCTGC
1,TAGTTTTACCCTACTGATGACAGTGTCGCAATAGTAATTCA
1,CTTGATCTTCTTGTAGTCTCCGGCCAGATTGCTCCACCGCT
1,ACGAGCGGACCGGTGCACACCAGGGGCGGACCGATCCGCCC
1,GATGCGAGAGCCGAGATATCCGTTGCCGAGAGTCGTTTTGA
1,GCTGGCAGCAACCCCTTGCCCAGTGCCCACCACCCAGCGCG
1,TCCCCGTGTCCACTAGCGCTCCTGTCCAGAGCGAAGAGAAG
1,GGATCGCACGGCCATCGTGCCGGCGACGCATCATTCAAATT
1,GGGGCGCGCGGGACTCGTTGCCCGCGCGGCCCCCGAACGAA
1,GATTGGCTCTGAGGGCTGGGCACGGGGGCTCCCAGTCCCGA
1,CGCCTACTTGAAGTACGGTACCGGTATTTACAACCTTTACT
1,ATTCGGAATGAATCAAATCTCCCCAAGTAGGATTTGAACCT
1,TCGCGGCGACGTGGGCGGTTCGCTGCCGGCGACGTCGCGAG
1,CGCCGGTGCCCAACACCCAGCGCGAGGGGCTAACCTCGTTT
1,CAGAAAATACCTGATCTCCGCCTACACAAGCAAATTGTTGA
1,CGCGCCCTCGCGGCGTGCCACGGCACCTGCGCGCTCCTGGC
1,ACTGCGGCATTTGGGCCAACCGCGCGCGGGACCGCGCACGG
1,CCCTTCTTTTTCTTAGAATCCCCCCTTATACCAAGATAAAT
1,CAGACGAACGATTTGCACGTCAGTATCGCTGCGGGCCTCCA
1,AACAACGACGCGGGGGCGGGCGCGCGCGCGAGCGTCGCCCC
1,TCCGTCTGGCGATGTCGCGGCCCAGCGTACGCAGCGGCGTG
1,CTTTTTCAATATAATCATCACGTAGTAAATCAACAAAGCCT
1,ACATCGGGGAACTACAAACTCACTAAAAGGAAAACGAGGGG
1,CCCGATTCCCTTTCGAAGTTCGCGCGCAGCGCGCTATCAGA
1,CCTAGGGATGCGTGAAGTTCCCCGATGTCAACACGTGGCCA
1,TTGAGTCATCCATGTTACAACACGGTTATAACAAGACCAGC
1,GGTGCCTCTTGGGGCCTTGCCAGCGGCGCCGGTGCCCAACA
1,GGACTCGTTGCCCGCGCGGCCCCCGAACGAAGCCCCGGCGC
1,CCCCGCGAGGGGAACGACTGCCTCTTCGGCGCGGACGGGCG
1,AGATCGGGCCGATCTTTACTCGGGGTAGAGCATAAACCTAA
1,TGCCATGGCCCAACGTAGGCCGCGGGTGGCCTTGACAAGCC
1,ACGACGCGGGGGGGTGCGCGCGCGCGAGCGACCGCGGCCGA
1,CCGCGCGACGCCCCGCACGCCCCGAACGAGCGCCCTACGCC
1,CTCGCGCCCCGGGCGTCCTTCGCGCCCGGGGTGTTCCGCAT
1,AAACCAATAGCCAGAACCCCCATTAATAAAAAAACAGAACC
1,AACAAACCGTTGATACACAACGGTCTCTTTGAAATTCCTGT
1,GATTGCAAAAGAGGGGAAATCGGCCACATTAAAATTACCTT
1,TATTAGATAAAAGGTCGACGCGGGCTCTGCCCGTTGCTCTG
1,ACAAAAGGCCCCTTCGACTCCGTAATTATTTATCCGCTCTG
1,CGAAATTCTCGTTTTATTCGCCTTGCCTAATTTTCATTTTA
1,ACGCATGGCCTTGCCCGCCCCTAAGGCCGTGCGCAGCATGG
1,CCCATTGCACTGCTCGGGGGCGTTCGTAGTGACTGAGGGGG
1,CTCAGAAGATCAAGGTCGGTCGGCGGTGCAACCCCCGGGGG
1,GGATTTCCTGGAAAAAATCGCCGCATCTTACTTCAATTCCT
1,CGAATTGTAGTCTGGAGAAGCGTCCTCAGCGGCGGACCGGG
1,CGGTCCTTCCCAATCCGTCCCCCGGCCGGCACGCGGCGACC
1,ATCGAGCAAGTTCAAATTGACGTAACATGAAACCTATTAGT
1,TAAATAAATGCGCAAAAACGCCCCTTCAAGTAATGAATATT
1,CATTCCCAAACAACCCGACTCGCCGACAGCGCCTCGTGGTG
1,GACTATGAAATACGAATGCCCCCGACTGTTCCTGTTAATCA
1,GAGTGACATTGCTTCTTCGGCCCGAACCAAGGAATCCCTTA
1,AGGTATGCTCGCACTCGAACCTTCTCAGAAGATCAAGGTCG
1,TAAAGTGATATCTCTTTCCCCTTCAAGTTTACCTACTACGG
1,AGCGTCCGCACCCCCGAATGCGCGCGCGCGCTCTCTCCTCG
1,TTCGCGTCTCTCTAAAATTGCAGTCATGGTAAAATCTTGGT
1,TAAATAACTTAATCAAATTCCGTGAGGCTTCGTGAAGTGCT
1,GGGATTTCAGAGGTTGTCGGCTTAGAATGATGAGCAGATAC
1,GGGCAAGGCCATGCGTGCCGCGGCCCGAGGCCAGCGCGCCC
1,CGCTCGCGCACCAGCCGTGCCGGCACCGCTTGCCTTGTCCC
1,GCACCCCTCCCTGCCTTGCGCGCCCGCAGTGGGAGGGGAGG
1,ACCACATCCAAGGAAGGCAGCAGGCGCGCAAATTACCCAAT
1,AATTACCAGACTCATAAGAGCCCGGTATTGTTATTTATTGT
1,TTTGTATTCTATTTTTATTACAATCCGAAATCATTCATTAT
1,CGGCACGGTTGAACGTGCGCCGGCGCCGGCGAACGGCAAAC
1,CGGCCGAAGGGCCCCGAGAGCGAGCGCGCGAGCGTCGCCCC
1,TATATATGTGTATGACAATACTACTATACTATGTACATGTA
1,TGATCGCACCCGTTGTCTCTCGCTCTCGTCGGGTAATGTAC
1,CGAAACTCCCGGCGGATGACCAGTAACCTAAAGAAAGGAAA
1,CTGAAATCCTTTTTCAGTTTCTCCAAAATACACGATACATC
1,AAGAATAACTAAATTGAGTTCATGGAGTTTCCCTCAGTCAG
1,CCAGGTTTTGCGGCGACCGCCGCGCCCTCCTACTCATCGGG
1,TGAACCCTGTAGACCATCCCCATGGGGCTGGCTGAAGGGAG
1,ATGTCGCGGCCCAGCGTACGCAGCGGCGTGTGAGAGGTGGT
1,ATCCAGAGTATACTCCTATCCACCGATTTAAAATAATGACT
1,CGAATTATATATACGGGGCGCTGTAATCTCATATATCCTGC
1,TAGGAACTACGAGATCACCCCAAGGACGCCTTCGGCATCCA
1,ACCGCCGTATGGCTGACCGGCGATTACTAGCGATTCCGGCT
1,AATATATCGAAGAGTTGGCGCGGGGCTAGCCGAAAATCAAA
1,TGTCGAGACCTGCCCAGCGGCACGACCAGCGAACGCGTCCC
1,GCTCTTCCCGGTTCGCTCGCCGTTACTAGGGGAATCCTCGT
1,CTGCCACAAGCCAGTTATCCCTGTGGTAACTTTTCTGACAC
1,AAATCACTGCCATCCGAGCTCGGTTTTATACTTGAACTCTG
1,GAACCGAGCGCCACGACAATCGGTGTGGTTGAGAGACCTCG
1,TCCGTCCCCCGGCCGGCACGCGGCGACCCGCTCTCGCCGCG
1,GAGGGCTGGGCACGGGGGTCCCAGTCCCGAACCCGTCGGCT
1,GGTTGGTAGCTTGATGTATGCAGCAGTAAGCACTAGACCAG
1,TCAACGGTGGCAACTAAACACGAGTTTTGCGCTCGTTGCGG
1,CGATGCATGGCCTTTGCCCGCCCTGCTTGCCTCGCATGCCT
1,GCTTTTTTAGATTCTTTTTTCCCTCTCGACCAGAGTTCGGT
1,CCCCTGGCATGGGCGTGCCGCAGGGGGCGGCACGCCTCCTG
1,GAAGTTCCCCGATGTCAACACGTGGCAAAAAAAAACTCGTG
1,TATATGGATAGAACTTATAGCGGGGTCTCGAAAAACAAGTA
1,TAACAGCGCCGGAGGCACGACCCGGCCAGTTAAGGCCAGGA
1,GGGGGGTTTGGGGTTGGGGACGCTAGCGGCAAGGCCACGGG
1,GATCATATTCACGCTGGTACCGTAGTAGGTAAACTTGAAGG
1,GGCCAGCTTCTTAGAGGGACCACGGCCGTTCAGGCCGCGGA
1,CCAGCTTGAGAATCGGGCGCCCCTGGCGTCCGAATTGTAGT
1,AGGAAAGGGATTAAAGAAAACGGTATTCAAGATACAAATAC
1,TGGCACGCCGCGAGGGCGCGCGCTGCCAGCCACGATCGCGA
1,TTGCGCAGTTTCATAATGTTCTCACCAACGATCCGAGTTGA
1,AGTATTAGAACGGAAAAATCCATTAGATAATGAACTATTGG
1,TTAAGAATCATAGCATTTCGCGATTTATTGGTAAATCTACT
1,TATCCCGACCATTACCGACGCGCCATCCTTATTTTAATAGA
1,TTGTCGAACAAAAAAATTGGCCGTAATAATTAAGAAGATAG
1,TCCTTTTGCCCATGCACGGACGCTGGCAGCAACCCCTTGCC
1,TCGCTGCCGGCGAGCCGTCGCGAGAAGTCCACTGAACCTTA
1,TCCGGATTTTCAAGGGCCGCCGGGGGCGCACCGGACACCAC
1,AAGCGCGAGTCATCAGCTCGCGTTGACTACGTCCCTGCCCT
1,CAGGTGAGTTGTTACACACTCCTTAGCGGATTTCGACTTCC
1,GGTCCTATTGTGTTGGCCTTCGGGATCGGAGTAATGATTAA
1,GTCCTAGTCTCAACCATAAACGATGCCGACCAGGGATCGGC
1,ATTTTCGGGGCTAGTTGATTCGGCAGGTGAGTTGTTACACA
1,CAATCTATATTGATTGACTGCCCCCATTATGTTGTTGCTAG
0,TGATAAGACTATATATGTTACTTAGGAAAAGCCATGGTGCA
0,TCGATTTAAACAGATCCAAACCAAATTATATCACAAAAGGA
0,TAGAACTTTGTTTTGCTTACCAAAATGTTCATTTACATGTA
0,GTCCTATGATTCGACTACTTCACGAGATTTAATCGTACCCA
0,AGTCGTACCCCTTCCTTAAGCTCCCCCAAATTGCAAGCCAA
0,AGTGGATATCAATTAGAATACACAAGCATAAAATTAGTTCC
0,TATAAAATTGTATAATTTAACACTACCTTAAAACTATTCAA
0,CATATTGCTGCTTCTGTATACTCCTCGATTTTACCGAAGTT
0,AATTTCTTTTGATTTTTCCTCAAAAATTTATCATTAGAGAA
0,GGCAAGATGTTCTTCTGGGTCTTCTAACTCATTATTCCTTC
0,CTCTTCGTTTACCCCAATGTCAATCCCGTCCCCCAAGGGCG
0,CCCTCCCGGCCAAGTGTTCGCCGGTACGAACCCTGGCTCTG
0,ATCTCCCACTTGATCCCCCACAAAAGGTAGACCTTCAAGAC
0,AGCCTACAAGAAGACAAATTCTGATCATTGTGTGTTTGTGC
0,CTAGATCCAAGAAGAAAGAGCCAAGATGGCTTTTGTGATCC
0,ATTGATTGTTTTGTTACTTTCCTGGACCTTTTACAAACGAT
0,CAAGTCCTTTAAAATTTTGGCAAAGACACTTGGTTTGATAA
0,TTGGATTTGCTTTCCTGTTGCTTATCCAATAAGCAAGGTGA
0,ATGCGTGCCAAATAACAAATCCGTCTTACCCATTTCTCACT
0,CTCCTTGTGGACCTGAGGGCCGTGCCTGAAGAAGATGCTGT
0,CCCAGATTATCATTACTTCTCTCCTCCACCTACAACACAAA
0,AATAATAAAAAAATGTATTTCTAACTTAGCAATTCGAAAAT
0,CCCTTCCAGTTCCTCTCGGGCTTCTTCTCCCTTCTCTTTTC
0,AAAAGGAAGGAAAAAAAAAACAAACTAAAATCTGGCATTTT
0,ATTGATGGAGCAGAATTCTGCACACTGGCTTCTGCAGTTGC
0,ATTTTACATGTGTATACCAACTGGAGTTGCTCTAGGCTATG
0,GAGCAGCAAACGTATACGGCCTATGTTCCAGGTGCTGAGAA
0,GGATCCCATCAAACTACCAACCTGGTTTCAATGTCTAGACA
0,TCAGCATCTTTCTTTCCCATCGGACAGGACAGAGTGCATTG
0,ATGGTTGATTTTTACCATCACATGAGAGTTTGCAAACACAA
0,TTAATTTGGTACAATACAATCTTGATTAGATAGCTTATTTA
0,GCGCTGGGTTTGGAGGAAAACGTGTTCGATCGAACCAGTAT
0,GACCTTCTTAAGAGGCCACACTAGCTCCATTATTTTGGTTG
0,CATGATAACAATTGGTCATGCAAAAATACATCGAATGGCAA
0,AAAAGGAAAAGCAGAAGGAGCAGCAATGATGGCATGTCTCA
0,GAAATTTACTTTTAGTTGATCGAAGTTCAACTAAATAGTAT
0,CCTTGATCCAACATTGGTAGCTATCTATGCTTGGTACCAGT
0,AAAACAAACACAAATTCCTACCAACCGCCCTCCCCATGTAT
0,TAATTTCTTTTTTATTTATTCACGCACATTCAAATTCAATA
0,ATATATGAAACTAAAAGCCACCAATCAATTAGTTTGTGACT
0,TTATTTCTAGCATCTTGTGTCTTTATCTTTTAGTGTATGTA
0,ATGCAAGTATAAAAATTATACAAAAATTTGTACAGAAGAAT
0,CCTCTTCAACACACCAAAAACTCCCCCAAGAAACCCACATA
0,AACATCGTTTGTAAGATTTTCATTGAGCAAACAAATAAAAA
0,AGAACAATACAGCAACCAAGCAGCAAGCAAAGATATCATCA
0,AATTAGCTTGAAGCGCTTTTCTCTAGAATGAACAGATTTAT
0,TCAATCCAGGCTTGTAACCACATCTATCGTAGTGTTGCATC
0,AGAAATAAACTTGGAAACTACTAAAAAACGGAAGTGTCTAC
0,AGGGTTTACCAAACATCTATCCAATTTACTGCCTTTGAACC
0,AAGAGCATAATCGAATGGATCCGTATGGGTAGGAGAGAGAA
0,CCGAAAGGAGAGGGATGGGACCCCTGAGCCTTGGACCAGAC
0,AAGACTGAAGCAAACGACCTCCTTTAGGCCTAGAAACAGCA
0,CCATTTATTTGGATGTTTTTCTAAGATAAGAATAACTAGGT
0,CCATTGGCTTGTCGTTGTAACTTGTGAGTTCCGATAATTAG
0,ATAGGTTTCAGCTCTGATCTCAAAAGATATATATTTTCTTG
0,AATTGTCTTACCAAGGATGTCTTTGCCGGCCTCCCTTACAC
0,GACAACTATTTCGCAGAAGTCACGCAAAACTTTTGTTTTGC
0,GCTCCAACAACCTACTTTTACGTGCATTGAAAACATCTTTT
0,AGTAAGCTCAATGTCCTTGACATTAATAAACCTCTAGCTTA
0,CTCAACAAAATCCTAACACCCATTTTACATAATTACATCAC
0,ATTACTCAACTCAATCCTAACTTAAAGGTTAGAGACAATTT
0,AATGTTTTGATCTTCTAATGCTATATACCTCTAGTTTTAAG
0,CTCTCTCTCTCTCTGTTTCTCGCTTTGGGGCTATCGTTTTC
0,CAGTGAGAAACTTGCTTTAGCTTATGGGGTACTCTGTACTG
0,CAAAGAAGCAAATCTGTTGTCAATAAATGTGAAGAAATAAA
0,GTCCACATTCATCATCCAGGCACTTTGAAATAACCTAGTCC
0,AATACACTTGTTTTGATTAGCAAATCTTTTTTCTACTTTCA
0,TTAGGTTCCTCATCCCTGTACTTCTCGGGATGCAAAATCCT
0,TTGAAGAGAAAATTAAATTTCTTAACACTTTGTTGCCCCAA
0,CTGGTTTCTCATCTAAGAATCCATCAAAGCTTTGGACCAAG
0,ATCGCATGATACACGTGTGTCCAGCGTTATTCAGCACTATC
0,TTCGCCAGAATTTCTGGTTACTGTGAGCAGACTGATATTCA
0,AGACACTGGTGAACTCACTCCATTAGCGTGGGCCATTGTAA
0,TCTTTTAAGCTCTGAAATTGCAACAAGGTTGTTCCCTGTCA
0,AATATGGAGGCTAAACTTTTCACTCTCAAGATTGAGTCTTT
0,TTGAATAATACGCACAATTGCTCTATCGAAGACTAGTTATG
0,TATAGGGCGAGAGGAAATTTCCAGTATAAGAAAGTACAATT
0,TCTAATCTAACGATGGATTTCCAATACGTACTGTTTATATA
0,AAAACTGGCTGGAGAGTGTACTAAATTGCATAAATCCTATT
0,GTCGGTAAACAATATATTAACTTTGGTCTGCCCTTAAGAAA
0,CAAGTCTAGCTTCCTAAATGCTAAACACATGCACAAGATCT
0,TTTGAGAAAAAATGTGTTTTCATGGGATGTGATGGTGTATG
0,GTCAATCTTGAACAGCTGGACTTGCAGAAACAGAGACCCAG
0,GGGTACTTGTTGCAGTCTATCCTATTTACATGAGGCTATCG
0,CCAATTTTTACCTAGACAAGCCACCTGGCTTTATTTCTAAG
0,GGGATTTTCTTGTCCGGTACCTGAGAAATTGTATAAATTTA
0,GCAGGGCCCTTCTTAAGATACTTCTCAGGATGTCGGGGTGA
0,TGGATTGGGTAGTGGAAAAGCATGAAGAACAACATGAACAT
0,ACATGACAAGGATCGAGAAGCGGAGGCGATCGCGGAGGCTA
0,TTCGTCTAACTCATCCTTTGCACCACAAATCTGCTTTTTTA
0,ATAATTGAGCAAAGGTTCTTCAATAGGTTTTAGATTTGATA
0,TAGCACGTGCCATGATTTGTCCGGTGACTTTGTTGCTGAGT
0,ACTCCGAGAAGATACCTGCTCAGCACGAATTCACAGAGTTT
0,TGGGATTCTCCAGGAAATAACAAAAGATAGTGAGTTCCACC
0,GTAGATTCTGCAATGAATGGCTGTGAACAGGTTTTCGTCTG
0,TGGATTCATCCAAGCTACCACATCTAGCATAAAGGAAGAAG
0,TCTCACTGGGATGGCCAAGACGAGAGTGCCATATATTTCTA
0,CTTTGATTTTCTTTAAGATTCGTGATTAGGTACATCAATGA
0,AGTGAAAACTCCTATAGATGCCATACAAGAAAGGCACAAGC
0,TTGTAAGTGGATTTAAACTACGTATTCCGCATGATGAATGG
0,GAATTAAGATAGAAAATGTACATCAGTTTGTACTTGAGTCT
0,CAAAAGTTACCATTTTAAGTCTAATATGGAATTCCTTTTGC
0,AGCATACAAAAGTATAGGAGCATACTCCTATATTACAAGAA
0,TGCCTGATTGCCAAAACATTCAAGACTTAGAATGGTACTTC
0,AAGTATTAATACACTTTGTTCCGCAATTGAGACTGCTAAAA
0,ATTGTCTTCTGTCATAGAATCCCCATATACTCCAGTATGAA
0,TAAGTTGGAAAGATTATTTACTTTTTTCTATTATAACTCAT
0,TTTTAATTTTTTAAAGTAATCAGGTCAACAACCATGATGCA
0,GACAGTTTGACGTCGTATTTCAAGCCTTAAAGCCTGACAAC
0,GAGTATAAAGTTTCACTTTACATGTATCAATTATTAGCCCA
0,ATAGTTTTGTTATTGTTTGACTTGGTTATAGAGTTGGAGGT
0,ATTAAGTTAAACTTATGTTTCACCAAACCCTAAAAGCTATA
0,TCGCTGACAGGCCATGAGAGCTGCTTGTGCCTCAGCGGTCG
0,AGCTTCAAGAGAATCTGCCGCATTCTTGACAGATCAGCGGG
0,TGGTTTAATTGTGAGTGAAACAAATTTCGTCCGAGTTTCTT
0,GAAGAATGTTCTTTATGTTTCAACGATGGGTAGTTTGATAT
0,TTTTACTTCTCCCTGTTGTACATTGGCTTCCATATTGTTTC
0,TAGCAATATCCCTCAAACTACCATATTATTTGAGGATTTAC
0,GAGAAGGTCACGAGGGAGGACATGCACGACCCTTACGAGAA
0,TTCCTCTAGTCATGATGATACCTTCCTGAATTTTGTCTCAG
0,GAAAGAAAACAGGTAGAGGACACACTTTTGCACATTCACCA
0,AATCAAGAACATCAGAGCAACACCGTTAGTATGTATGTTAA
0,CTTTCAGCATTTTGGTGGTACATACCTGACAAATTCTGCTG
0,TCTATGTGATGGTGAAACTTCCTAATTTATTTACTATCCTA
0,TTATAATCTCAGTTTATAAGCCTAGTTAAGAGTAAATGTTG
0,ATTTTTCATCTTTACTTAAACTACTCGGCTCTAAGTAACCT
0,TTGACTGGAAGCATGGGCATCTTCGTCGGTATTCGCCTCTT
0,AACAGATTTTACACGTATGGCTGCAGTGCTGTCACATTTTT
0,CCAATTGTAGCGTAAAATAGCATCATTTGAAAATCGACAGG
0,TGATTAGATCTTTTTTTCTTCAGTTTTTAACACGTATTAGT
0,TATAAAGAACTACTGGAACACAAGGCTGAAGAAGAAGCTCC
0,AGTGCCACATTTTAAGGAAACTGAGGAGGCTATCGAAATGG
0,CAAGTGGGCAAATCCCAGGCCACAAAACCAGTCTGAAAATG
0,AGTCTGCTTTTCACACTGTTCATATAGAGCTATAGACCTCA
0,ACATCTAAATAAAAACGCTACATAAATTATGATAGAGACTA
0,CATACCTTAATTCTGGATGTCTGTCCAGTACAACTGAAATT
0,TTTCACTTGAAAATCTCCCTCCTGCGGATATTCTTTACTCG
0,AACCATCAAGTAAGATGTTGCTTGTCTTGATATCTCGATGT
0,TAGAACCCTTCACAATGAGACTGCTCCACATTGACTTCAAT
0,TCCTACATCCTTTGAAAAGTCCAAACTCATCATGGCACAAG
0,TAGTTCTATGTTACAATAAACCCTCTTCATTGCTTTACTTG
0,ATGTCATTGAATTAGTAAAACTTGGACCGCAGAATAGCTTA
0,GATTATGTATTTTTATTTGTCTGTATACATGATAAACTTTA
0,ACTTTATTTAAATTTTCTTACTCCTTAAGTTTTTTTTCTTT
0,TTTATTTCTCCGTAGCGCAACACTTGCAGTCAGAAAATAGC
0,AAAGTTAATTCATATCCGGTCAAACACTCCAGCCAAACTTC
0,ACTTTTACTCACCTTATAAGCAATTTGTTTATGCCATTGAT
0,AATCCCTACATTTTTTTTGTCTTAATTAACTTGACTACTTA
0,TACTTGTTTTTCCTTGTTTACATGTGAAAAGATAGAAAGAT
0,TCAAAAATAAGCTTGAAATGCAAAAGCCATTTGACTTCTGT
0,ATCAATTTTAGGTTGTATTACAATACAGTAATATCTAATAC
0,TCCCTTCTTGAAGTTTCCTTCCAAAAGGCAGCCATATGTTC
0,TGTAAATCACGGGGACAGATCAGTGCCAAACAAAAAGGGCT
0,CTTGAAATGAACCTCTTCTGCAGAAGCTGGTCATCGTACTG
0,GCAATTTGAAACCCATGACTCATTTTTTCTTGGAAAGGGGG
0,GCGTGTTAATGAATAAAAGACTATCCCATAGTGATCAACGA
0,AGGATAAACAACCAAGATCACTGAGTGTCGCTAAAGATCTT
0,CATTATTTTTCTATATTGAGCTTATGGAGTGCACTGTTGTC
0,AAATATAAAAAAATGAAAATCTAAAAGAAAAAGTACATATA
0,TGGGAACAAACTCAATTGTGCTTTGAAAGATTTCATTATTT
0,ACTATAATATCAATCTTCAACCCATAACTATAATGTATGAT
0,GAGACTTGTCATCCATCATTCCTTTGTTTTTTTTCTTTTCC
0,AAATTCAAAGACTCTCAAACCATCATCAAGCAGCCCATTCC
0,ACCAAATTGGAAATAAAAAGCAAAAAACATTTTTAAAGCCT
0,ATCATGTTCTGCAGAATTACCAAGTCAAAGGATTAATTCAA
0,TATTCCTTGATCAATAATTTCATGCTCAAAACTGTTTAATT
0,ATTCCCTATGTAACAATTAACAATTAAGGCAGAATTCTTTT
0,AGTAATATGTGAAAAAATTTCATTACTTGTAAGGCTAAAAG
0,AGTCGCTCGCTCAGGGAGAACTAGTACTTGACATTATACAA
0,TACTTTAGTTAGTAGGACGACTTCGATTGACCTATGCAACT
0,GGATGGACTAAAAGTGTACACAGATTACACATATGATATGG
0,CTCCTCAAACGAATATCAAACTTCCCAAACACCGAAATTCA
0,CTCCAGCATTTCGCTCCTTGCGAGGGCGGACGCAATGTCCG
0,CATGACAGTTTTTTCTTGTTCAGCAGCCAAATTCAAACAAT
0,TCAACAGAGCGGAGAAAATGCAGACCACCACGGCCACCCCA
0,ATGATTCTATGTTAGAAGTTCAATTTTATGCAAAAATCAAA
0,ACTTAAGTGTGCTCTGATTTCCAAGTTAGAGAATCTTTCTT
0,GACCGTATAAACATGGCCAACTTCTGTAAGAATGACCCGTA
0,GCCACAGTTGACTCAAGGAGCTCCAGCTCTATGATATGTTG
0,CATATTGTTTTTAATTTTGGCAACTGGATTGGTGGCAGGCG
0,TTCGATTGCTTCCAAGAGCTCCTCACGAATTGACTTTCCTC
0,CTACAACGCCATTCCAATGTCATGCTTACACCAATCTAATA
0,ATTAGTATGCATTCCAATAACTTCAAATTTTGGTTTGTATT
0,GTCGGGAAGGATTGATTTGACTACTGGCAGCATTTGGCAGT
0,GGGTGAATTTTCTCTGATCACATGGAAAATTATCAGAATAA
0,TTGAAAAAGGGGTATAATAACAACATAATGTTCTTTTTACC
0,GGCATAGCAGTTTAAAAGAGCACCATATACATGGTTGATTC
0,AAATCAATCGAGTCCTCAATCTCTGCACATACCCAGCAACA
0,TTCGAGCAAGCCTTTGCTGTCATGATGGCATTCTGCAAGAC
0,TGGATGACAATTATCAAGTTCGAATAAGGTTAGACTTCGCT
0,TGTGAAAGAGAAGTTTATAGCTGTAGAATAACCCATTTACG
0,ATGACTCTTCCATGTTAGGACAATTTCTAAGTGGTTCCAAT
0,ATAAAATTCAGAGGAAAGAACATGCTCTGATACTAACATAT
0,TAGACGGAGCCGAAGTTATGCAGTGTTAATACAGTTGCGTT
0,TGATCTTAGACTAAGAAAAGCCAATTGTTATGTGCTTGGTT
0,CATCCTCGCTAACTAGGGAACGAAAAGCACATTTAGCATCC
0,ATCAATTACTGTTACTTTTTCTTTTTTTGCACCCATTCACT
0,TTGATAGTGCAAGGATTGTGCTCTGACAATCCAGGAGTATT
0,TTATCAAGATCCAATTATATCATTTAGCTAAACTACTAGAA
0,TATATATTATAATATAAATTCCATAATAACACTCAACATAG
0,TCAATATATCATGAAAATTACATCACCCACCTAACCCCTTT
0,AGATCATATAAACAAAAGAACGTTTTTCAAACATTAAAGTA
0,AGCACCACCATCTACTCAAGCGTTTGAAAGAAAATTGACCT
0,TGATTGATTTTAGCAGAAATCTTATCTTGAAGTGGTAAATC
0,CCCTCACCTGTTCCACCTCGCTCACTGCACTATCTCTAATC
0,ACAATGAGCAAATGCGCGTTCGCACCGTCCAGTAAAATCAA
0,TTAAGATGACCTTTTGGTGTCTAGGGAGGTGTTGAAGGCCA
0,TGGTTGAGTAAAGGAGACTTCAATCAGTTGGATTAAAGGAG
0,TAGAAACAATTCCTCGGGATCCATATTCTGTATAACAATTC
0,CCTCCACAACGCGGCGCGGACGGCGGTTGGGGTTGGTCCCG
0,TATGCGATTGCAGGAGTAATCATTTTAGTTCTAATGCAGTC
0,TGTTCATTTGCAACACTAGACGCCAATCACAAACAAGTGAG
0,CTCCGCCATACCTCACCATTCCTGCTTCGGGTCTTCCTCCG
0,CCAACAAGGAAGAAGGAAAGCGTAAGCCCCCTTGAATTTTC
0,TAGAAAACAAACCCGTGAATCTAAACTCACAGAATCTCTCA
0,GCAGTTGTTACAAGTTGGATCAGATTACTAATTGTCAACTT
0,CACTCACATACGCACCAAATCGCATATTCTCATATATGCAT
0,ACATAACAATTCAAGGTTGACTACACAAAACACGTATTGAA
0,GACACTAAGACACAAGTGGACCTGCAAAATGTCCTTCAGGG
0,CAAATCATACTAACACTTAACTTGTCAGAAAAGAGAATACA
0,TGGAATACGAAATTCTGAATCATGTAGAGATATATTAAAAT
0,TCACTTGCCTCGTACGGTAGCGAACCTGCCTACCCCGGCGC
0,TCTTTCATTGAAAAAAATAACTTAATGAATTTGTTTGTTCT
0,TTAGAAGACCTTTATCCTTTCTAAAGAATACGGCTTTTCTT
0,AAGTGTTTCTACTAGTTGAACAAGAAGCAGACCATAACTTA
0,TGACATACACACTAATAATACATCCTTTTATTATAATAATT
0,AAAGCTTGGTTACTATTTTTCCTTCCTTTTAACTACAAACT
0,GACCTTATACCTTGGAGATTCAATAGCTACCATTCGGTGTC
0,CGTCAACTTCACCTTCAAGACTATTGATTATCACCTACTCT
0,GCAGAGCTGTAGGGCTAATTCCTACTGGACCATCCGTTTTT
0,CAGTTACTCACTGGATTGCTCTAAGTTTCTTGCACTGAAAT
0,GGGAATCTGGAGAATTTGATCAATATGGATGGTTCATACCA
0,AATAAAATTCGAAGTTATTTCCAAGAAACACGAGACCAAGG
0,TTGCTATCATTCCTTTTGAACAGAACTTGAGTCTCACTACA
0,AGATTACACCTTCCACGTGTCGATGACAGATGCTTCTTTTC
0,AAACTCGATAAAGGCATAAACGATAATATGCTAAGTTTTTG
0,GTGGTTAGGACTGAACGTCACTTTGTTTCCTCTGGTTTCCG
0,GTATCAAAGAAAAAAACGATCCTGAAGTGAAGATGCAGTAT
0,TCTCCGGCCACTTCCACGATCTGAGCCAGGAAATATCCACT
0,ACATTTGTCTGTTTGAATTTCGGAGGATCTTTTAATAGGTC
0,TGATTGGAGCCATAGATTGGCTATCTTTAGAGATGGGGCCA
0,TATGAAGATTGAGGAAATAACCACAGTCGTAGGAGCTCGGT
0,AATATTTGGCTCTTCTCTTTCTCTCTCTTCTTATTCCTTTA
0,ACTTGTGACAAATAATGTAACTTTTATCCAAAGGATTCTTA
0,GGATTTCCAGCCATGTTAGGCTGCGACGGAACGTAAAAGTT
0,AGACCAGACTCTTGTTGGAACTCCCATTTAACTATATCCAA
0,ATTATTTGTACAAGAAGTATCGAAAATGTAATAAACATTAT
0,CATTACTATTTTGAAGTTGACAAAGAAAGTGGGAAGATAGG
0,CAGGAAAAGGTAAAGGAATTCATATCATTTGCCTGCAACTT
0,GTGCACCCATGAGAGAGTAGCCATCACCGAGCGAATGATGA
0,CGTTGGCACGCGAAGAGCGTCTTGTTAATGGAAAGAATCAC
0,TTTATTTTATGTTTTGGGTGCTGTTTGTTGAGAACAATCTT
0,GAATTGACCCATGTTCAATGCCTATGGGCATGTTAAATAGT
0,AGAGAAGTCAATTATTACATCATTCTCCGGGCCATATTTTC
0,GTTGGAATGGAATGGTGAAACACAATAATTCCTTTAGTGGT
0,ATAAGCCTGCAAAATAGAAGCACAGAAAAAATTATCCACAA
0,TATTAAAGCATGTGGAAAAGCAACCAGAAATTAGGTAATGC
0,AAGAATTTTTTTTTTTTTTTCTTCCTTTCTTTTAACCACAC
0,TCAAACAGGATAACATAGTCCAAGATCTTATAAGTCATCAG
0,ATGTTAAACTCTTGTTGAATCAATAAACACCCGACAACCAC
0,AAGCAGTCTTTTGATGCCAACTCCACGGGTCTTTCAGTCCT
0,TGGAGTGCAAATCGACGTATCATTGACGCATCGCGCTGCAA
0,TTAAATATGTCATCAGAGAACCAGTCTCAGGTGTGAACCTT
0,TACAGGAGTACCCAACTAGGCTGACATCTAAGACCATATAC
0,GTTTTTATATATTAAGGTTGCGTCACAGTTTTTATATGCTT
0,TGGCATAAATGGTTTGGATTCAACTAAATCTTTGACCTTTT
0,GAATTAAACAATCCTACAGTCCATGTGAAGGATCTTTAGCA
0,CCATACATCTTCTAGTGCTCCTTATTTAGGGTTTTCTTTTT
0,GGCATCATAGAAGGTGGAGGCAAAGGTGGTAGTTTTCTCCA
0,ATGACGTAAGAAATATTTGACTTATCATAATAATCATCAGA
0,GTCCTACATAATCAAATCAACCTATCAACGCCCACAAGACC
0,CTTTTATAACAATCAGGGGTCAGAAGGGTATTGTTTTGCGT
0,GAATCGACTTCAGCTTGTTGCAATCTGAAATCTCCAAACGA
0,GGTAGTGGTTGATAGGTTATCCAAAATGGCTCATTTCATAC
0,ACAACCATTTCAGTAAATGTCTCTGTAATTTGATGTGTTAC
0,TTGGCGAAAAAGGGGTGTTGCCTGAAATTCTGAAGCTCTGG
0,GAACTTTATTGTTGAGATATCAATTGACATCACACGCAAAC
0,ATATATGAAGTTCACCAAGACCTTTTTATTTGCTCATTTTT
0,TTGTTCTCTTTAATGTGGAACTGTTTGTTTAATATATTATT
0,CTCATATATCATTGATTGGTCGAAAACTTTAGGTAAAAAAA
0,TACATGTTAATTAAAGGAAGCCAAGGAAATATCATTTTTGT
0,ATTTCAGAATTCCATGGACTCGCACGCAATTTCACATTCTA
0,TGTTAAAGTCCCTTCTTACTCAAATGTCCAAGTCTTTTGTG
0,TAAATAATAAAAATAAAGAACCAAAACCTAATTGTACACTA
0,TGTTTGTGATTAAATCCTTACCAATTCGATTGATTCTTTTA
0,AACGAGTGGTATTAAAGTTGCTTGAATTTTCATAACAAGTA
0,GATACTATAGCCCAGGAAAACTTCAATCAACTAATAAAGTG
0,ATGAATACGTAATTCTTATACTGTATAACAAATTTTTACAT
0,TATCAGGTTGCAACCAGGATCCGACAGTCCAGAAAGTCGTT
0,TTTTATAAGAAGTGGTTTTTCACATTTAAGATAAGAGATGT
0,TTCAAATCTTGATTTTGATGCCAAATAGAAGACGTAATTTT
0,CCCCCGCGTGTCCAGATACTCTTACTTCAGCCTGTCGCGCA
0,AGGGTTCGGAGTCCGAGGAGCTGGGCGAGATCGTCGAGTTG
