label,seq
1,PPLGRFAVRDMRQTVAVGVIKSVEKKDPSGAKVTKAAQKKK
1,TSHIAVKFAEILTKIDRRSGKELEKEPKFLKNGDAGMVKMI
1,TPKYSKARYDEIVQEVSSYLKKVGYNLDKIPFVPISGFEGD
1,LGGIDKRVIERFEKEAAEMNKRSFKYAWVLDKLKAERERGI
1,RGQDLSGKDFSGKSLIKQDFKTSILRQANFKGAKLLGASFF
1,FDFLRNTSFNLLQGCRMRNTKTEYVSCPSCGRTLFDLQEIS
1,LTLNCMDRKGEAYELVRLGLKNDLKSHVCWHVYGLLYRSDR
1,YKISLMEECGLLEKALEELHKKESKIFDKLSYKEQEVSLLV
1,LDRGYTVHATVKDLKDEKETKHLEALEGAESRLRLFQIDLL
1,AIRASAAVETLNKTETALVDKSVNTIRFLAIDAVEKANSGH
1,VGSEGKAIGIDRFGASAPAGKIYKEFGITAEAVIEAAKTLC
1,AYKVAVLNRKRPSILALSRQKLSHLPGTSVEGVEKGGYTVS
1,GSADLASSNMTLLKMFGDFQKNTPEERNLRFGVREHGMGAI
1,TLNKLSVDKNLIEVFAKGVDKEHVMLLAARASRTENQDAID
1,VLSVTMAIGSHRLSQQGAITKRMTAIEEMAGMDVLCSDKTG
1,TNLFSDKSNYRELSEIAEQAKRRAEVARLRELNTLKGHVES
1,LSSEEGASRLQIFGPNKLEEKKESKILKFLGFMWNPLSWVM
1,PKEARAGIREVHFFPFNPVDKRTALTYIDADSKWHRASKGA
1,LPVDELIEKADGFAGVFPEHKYEIVKRLQERKHICGMTGDG
1,GGDFDKGNGTGGKSIYGRTFKDENFKLSHIGPGVLSMANAG
1,PAVVHESTNLEDAARMLLETKYRRLPVVDGEGKLVGIITRG
1,KSLTAAGISYKIDITGTSIGKRYARTDELGVPLAITVDSTT
1,LNRQLITLLSTLGVRDHIFEKKQREAIEELNTILTDPLMAQ
1,QEKNMPALMARDPNALAYAIKRSCENKAEVVSLDEKESGLR
1,PITPPETMTVEMFKSVMAVDKKVADGLLRLILLKGPLGNCV
1,DGAAVKLKLIGKLQDGTIFLKKGHDNDEELFEFKTDEEQVI
1,QNKLQSALGLSPKNISIQEQKRLIDIACGCIRNQLPSETMH
1,LLEKSFSLMLKVPRFIDFDNKRAHFRSKIKHQHDHHHSPLR
1,RAATMKTATELAAARAAEISKKLKADGPENEVMETDKKSRS
1,RQAPERSGRIADDVRVVAVSKTKPISLIRQVYDSGHRCFGE
1,IRKPEEVIDLFMVEIMHMRHKFDVDTRLVEGLVLDHGSRHP
1,YLRWLGHDTKHFNVGKYRRLKHGANQSADFFRGDNPEGMEA
1,DSRLSDTGEVYAKKLANFVEKRLKNERAASIWTSTLQRTIL
1,MAKKSTFPSGIKALADYVHSKGLKLGIYSDAGYFTCSKMMP
1,ENRDAPFRERLQEHLEPLFVKNKVTLALWGHVHRYERFCPI
1,FRINCVCPGWVKTDINNNIGKKTTKQGAQCPVKLALLPDDG
1,GTYGVVYKARDRVTNETIALKKIRLEQEDEGVPSTAIREIS
1,PDRIPVIVEKAERSDIPNIDKKKYLVPADLTVGQFVYVIRK
1,DESDLDLAWKMLDVARAIVEKHSNDTMEKVDILSTLAEVAL
1,HRAPLLITDLRFDVLCTRIVKYYSLKRFVEVTKRPVEEWVY
1,HKRIFFTNKSYLPSQTPDGLKRLREKELENLRGNGQGKRKI
1,QSDKELQAWWTEIQTVGHGDKKDETWWPVLKTPQDLIGILT
1,EGIDLLRDKQALQRLTETAEKAKMELSSLTQTNISLPFITA
1,VVYQTEKQLKELGDKVPAPVKEKVEAKLGELKDAISGGSTQ
1,ITGASTLPKDEVDKMVKEAEKFAKEDKEKRDAIDTKNQAES
1,EISAQVLRKLVDDASKFLNDKVTKAVITVPAYFNDSQRTAT
1,TTPSVVAYTKVGDLLVGQIAKRQAVVNSENTFFSVKRFIGR
1,GQTSVEINVLQGEREFVRDNKSLGSFRLDGIPPAPRGVPQI
1,ESEAVSKTTKPVPEDSEIQGKKCMVFAGTTIVNGNCICLVT
1,PKSHLRQSGGLLFSRAEPRHKQEIVRLLKENGEVVAMTGDG
1,IRELVELPLRHPQLFKSIGVKPPKGILLYGPPGSGKTLIAR
1,ADITEICQRACKYAIRENIEKDIERERKRSENPDSMDEDTE
1,EIDIGVPDEIGRLEVLRIHTKNMKLSEDVDLERISKDTHGY
1,PELLTMWFGESEANVREIFDKARQSAPCVLFFDELDSIATQ
1,AMHPATMEKLQLFRGDTILIKGKKRKDTVCIALADDTCEEP
1,TLMGIAKHYETGESLPEDIYKKLLAARTYRAGSISLRQLRF
1,AVKYKSSIDAFSQIIKNEGPKSLFKGAGANILRAVAGAGVL
1,DKKIERERHRRRAEAQAAYEKAKKQEHSSASRRTGGMPGGF
1,ANEMSVDDMTFTARLLDIGMKKIYSLNRQICIVKLPPIFNA
1,LSWKEVAKASAPSTTTGAGGKRPASATNVMNSNASKKGRGG
1,INKITEMSLSANQEREEMINKRLVWKVEGSPDEDFKVLRGG
1,FFFTEGPVYDFEDAKKSDTAKFAKFYRGMLEEGVYFAPSQF
1,PVVGRQQQIERVTQILGRRTKNNPCLIGEPGVGKTAIAEGL
1,VEKVSTDESDRLLKMEETLHKRIIGQDEAVKAISRAIRRAR
1,HPDVFNMMLQILEDGRLTDSKGRTVDFKNTLLIMTSNVGSS
1,PALARGELQCIGATTLDEYRKHIEKDPALERRFQPVKVPEP
1,YFRPEFLNRLDEMIVFRQLTKLEVKEIADIMLKEVFDRLKI
1,TVDETIQILKGLRERYEIHHKLRYTDEALVSAAQLSYQYIS
1,AQLPEEAKELDKELRQITKEKNEAVRSQDFEKAGELRDREM
1,TAPKGPDPDLVGIAERMATVKHKILVLSGKGGVGKSTFSAQ
1,EITKFCDLYLMERVLDDESEKKVLTALEDAGVFTSGGLVKD
1,KSGKYSQKFEGFAGTNDPLGKKLNNEKTRKELGWKPKYPSF
1,ATTVKRKIHDQEVVGNNETSKRQRRWNSENLKVPEPQSNLT
1,TMAKEEAPVDVMQDDIHVEKKNIHDENKNVSAATTVKRKIH
1,QQHCSDVGSHLIGRLSNLQQKHEIIGDVRGRGLMVGIELVT
1,DSSSGHADLTQLFRIAAHEAKKSRAQNRILRVILIYCRSSV
1,MLTAIHKGRMASWCRKCVYLKPKLEKLAADYYPRVNVTAGE
1,AVYGIKYFKGNYKRLVQTKTKVDPHNFFRNEQSIPTLPSAR
1,DGMDAFAVKQACKFAKEHALKNGPIILEMDTYRYHGHSMSD
1,ERDPIERIRKLVLSHDIATEKELKDMEKEIRKEVDEAIAQA
1,TFFRDMAMMRRMEIAADSLYKAKLIRGFCHLYDGQEAVAIG
1,HDDSGPTVKAQTIDELHSLQKKRSAPTTPIKGIQAAFGPVA
1,LDPEFVRSEVARGRAIIPSNKKHLELEPMIVGRNFLVKVNA
1,VAVDKFSGRSRGFGFVTFDEKKTMEEAIEAMHGMDLDGRTI
1,KNVGLGFKTPREAIDGTYIDKKCPFTGNVSIRGRILAGTCH
1,KKKEQPFGGGVGASSLSSPSKKSQLAALGNAGQGFTPHIIS
1,VRRKRGRPRKYGTPEQAAAAKRAPSSSHLTKKKEQPFGGGV
1,TFHTEQAIEYGTKMVGGVTPKKGGTEHLGLPVFNTVAEAKA
1,LKQAGDEVVKIASPAVSEASKKAQEAIQSSGFDTQPVLSAA
1,ILLTDVAGILENKDDPRSLVKEIDLRGVKKMMEDGKIAGGM
1,MFKMKGPTMIQKSYSPAFPLKHQQKDMRLALALGDQNAVSM
1,KVFRKNLTRSKNYNRRGFGHKEETLELMNREYTSDIIKTLK
1,NVQIVDTTCPWVSKVWNTVEKHKKGEYTSIIHGKYSHEETV
1,SNDGQHLAFGVRVDEDNSSSKLRVWVADVETGKSRPVFQSP
1,DYRHMEGSGVNTYTLINKAGKAHYVKFHWKPTCGVKCLLEE
1,SGDCKFIPQAPPDGPPVHTFKKACVAAYPSTVQNDIVWFWP
1,VMDGAKRGQFVIENTDYSTKKSVSDATEKNLMEPDGVHDTL
1,DVVYPAEIVGKRIRYRIDGSKIIKIFLDPKARNDTEYKLET
1,ETYDIFKSGSVSRHKLEHSLKKMCKEGAYWGTIAGVYVGME
1,LRPKKTRAIRRRLTKHQASLKTEREKKKEMYFPMRKYAIKV
1,AMRGVHVIMGVRSVSAGKEVKNAISKEIPAAKIDAMELDLS
1,LVKYIDSNFQGPSLFPNDPAKRQFGDELLSYTDSFNKGVIT
1,YICPYAQRAWITRNCKGLQEKIKLVPIDLQNRPTWYKEKVY
1,VNSTVPIAAEVFKKAGTYDEKKLFGVTMLDVVRAKTFYAEK
1,FPQGCFYSTAVGELQSYENPKNKITAVPAAEEEMWGATFKV
1,KEDPNLTKMGCSKVIVFVAEKDRLKPRGVDYYETLKNSGWE
1,VDPKTGVEFKDTLISPETGVKARIFLPKINGPDHKLPLLVH
1,ISNASCTTNCLAPFVKVIDQKFGVIKGTMTTTHSYTGDQRL
1,LEVDLVIEGTGVFVDREGAGKHLQAGAKKVLITAPGKGDIP
1,ALRVPTPNVSVVDLVVQVTKKTFAEEVNAAFRESADNELKG
1,PSALTVRAVTSYADELIKTAKTVASPGRGILAMDESNATCG
1,GPNPWHVSFSYARALQNTCLKTWGGRPENVKAAQETLLIRA
1,AGVIEEYLEKSKANKELNDSKRLATTDANFARAYTVQFGTC
1,TVQFGTCKFPENFTGCQDLAKQKKVKFLSEDLELECKGKDK
1,DPNVAAAVAELRETSNTWVSKYRKEKALLGRPSFRDIYSAL
1,IELADAMENAGAALIREVASKTNDSAGDGTTTAAVLAREII
1,FVGALLCKIVDDRSVLEDEEKLKAVLKYANACGAITTTKKG
1,TFSDEEKRQKFIRWRIQFLEKSIRKLDFSPDGICTFVQVND
1,WPEMVMAKAVDELAWKTPGKKSHAIEAFSRALLAIPTIIAD
1,IFWNHYHVVFSVDDIPIRVYKNNEARGIPFPKFQPMGIYSS
1,AAGCPVDIVHYDPKAVGIDAKKAFPFRNMHFYAEPRAAKDI
1,NLPEDLKERFDEYVKIGRDKKPMKFEIDDKILESLKVPVAV
1,RYIEYHRCVAAKGEGAPECDKFAKYYRALCPGEWVDRWNEQ
1,AIMELNPKKNEFGGSPQSLNKKGHANAWKDQLGNASSGEEG
1,MRLLERGYIVRATVRDPANLKKVKHLLDLQKADTNLTLWKA
1,DMEECGYVRETGFVWLKQKRKTEHKFEKIGKLVSYATEVTA
1,RQGERIRLYVRGTILGYKRSKSNQYPNTSLIQIEGVNTKEE
1,SQYAITKFIEEKQKHLPPNFKKLLLVQLKKLVASDKLVKVK
1,KAVKAKKEKKAPAKTKAAAPKAKAAVKPKPAAKAKPAAKPK
1,SFKLPATRAPAPKPAASAPAKKKPAAAKPKAVKAKKEKKAP
1,SARISEKAKAAPTLESDTPTKKRSRKSSASKKDDKEKEVAP
1,IKRSVKSKIVEKTYIGEGEGKKMPNQVAGEILSFFTRNNFV
1,SLYNVDGGHRAVIFNRIVGVKDKVYPEGTHLMVPWFERPII
1,KEFTAAIEAKQIAAQEAERAKFVVEKAEQDKRSAIIRAQGE
1,APKANDAVEFYKAAFGAEEVKRTMHPKRKAEQELPLVLSAE
1,SLSQRRAGKVVNSSIRYADVKPVKAPGMGSMPQWLQATVKN
1,GVAANIVTHNLLINAYIDCRKTDTALEHYKQLINDAPFNPS
1,DDDDFVSPNSRKKVVNVTPSKKRKIGSGKGIAQKSADIDES
1,GIVVLQEWWGVDFEIRNHALKVSQFDSGYKALIPDLYRGKV
1,GELDSFVGFSDVTAAKALEEKLKASGVPYEVLVYPRNAHAF
1,DLAVQMGRNVVHGSDSPENGKREIDLWFKEGELCEWTPAQA
1,FKLTALKLFQCPKELAEEHYKDLKSKSFFPKLINYITSGPV
1,EKVKVVHYCAAGSKPWRYTGKEVNMDREDIKMLVAKWWDVY
1,TIDRSQDIARLQEFYKHYREKHNVDKLREEEMQLRESGAFS
1,IKVKKALKMVKVELIHSEDVKRKISGVSVQPTSQLTFTSGD
1,IDDKWFPSLSGIAKAQGEEAKKAAIDQVIEGLVLLEDAFVK
1,LEEKFGSKSDILLRSNPVHKKIPVLIHGDKPICESLIIVEY
1,GPTDRTVVVSTAHGLKFTQSKIDYHSKEIKDMACRYANPPV
1,LMKKESRKLLERAALAEKDMKHGQSDLMNAGTQIQRLAKSV
1,RTLKKDRNPKYPRISAPPRNKLDHYQILKYPLTTESAMKKI
1,NTLVFIVDIRADKKKIKDAVKKMYDIQTKKVNTLIRPDGTK
1,DFNTMYELYDPSTVMFFFRNKHIMIDLGTGNNNKINWALKD
1,CCCAGSRTFVHERVYDEFIEKAKALALKRVVGDPFKKGVEQ
1,GGGVLPGKRRGRPPKAGGAVKKPRKLSGKPLGRPKKNGSMT
1,KKNGSMTAIQQSVAYEDLKNKIAHFQSRVKQAISMVKPHLN
1,PGRPPRLNSGVEEFGGPVVGKRGRGRPPRPKSMSVLMGQNG
1,YRYFGAAIGKGKQAAKTEIEKLKLSEMTCREGVIEIAKIIY
1,TCREGVIEIAKIIYKVHDEAKDKAFELEMSWVCEESKRQHE
1,TQYKVQACTQEEVNKAMETAKTAQKSWAKTPLWKRAELLHK
1,WAKTPLWKRAELLHKAAAILKEHKAPIGECLVKEIAKPAKD
1,GVFAETIDGDVFKYYADGEWKKSSSGKSVSIINPTTRKTQY
1,FIEGLVMDAKQKGATFCQEYKREGNLIWPLLLDHVRPDMRI
1,IEFLAISFVEHQRSMEKDPEKKKYPGGAFDPLGYSKDPVKF
1,KYVPAIGYYILKKNSQLPASKRVNLAGVAIGNGLTDPITQV
1,KLPMFGCTDSSQVLKEVEECKKEYPQSFIRIIGFDNKRQVQ
1,GWIPCLEFSVQGGFVYREHNKSPGYYDGRYWTMWKLPMFGC
1,VRNDVTRYRYGDEQHLDEALKRIFQYGQGGGIPRRSAPVLQ
1,HSLRNKKGTQGGMIFKIDLEKAYDRLSWVFIKDTLLELKLN
1,LKVARQYKLFQRASHVYSEAKRVHAFKDTVSSNLSCYCSEE
1,GKPYYIISVLTRTADGDEGGKHQLITATVSGSKLYICKAQA
1,YEDNFDPNSNVCVMVTPTDKKSITDFGSPEDFLSKVDYLLG
1,LITATVSGSKLYICKAQAGDKRWFKGAKKFVESAATSFSVA
1,PAAAVVVAETASAVVEAEPKKTDASPPNSLPFRVGHGFDLH
1,EAIRANLSKLLGADSSVVNLKAKTHEKVDSLGENRSIAAHT
1,AGNIVLGDIIVAVDNKPVRSKAELYKALDDYNVGDKVLLKI
1,RTENTRKDRGMHWWDRFRSFKTDTRSEEFYSLPFNLNKFFP
1,DIFSIKDDKGDGHLVDKVLDKTGMKGTGKWTVQQAAELSIA
1,LALNIAEKGFPISVYNRTTSKVDETVERAKLEGNLPLYGFH
1,LSIAAPTIASSLDSRFLSGLKDERVQAAKVFQSSGVGDILT
1,LDSLEIGQVRKFLVELRTYLKNNKPQFQEILSSTKTFTEEV
1,ISVSRVGSAAQIKAMKQVAGKLKLELAQFAELEAFAQFASD
1,KIAQIPVSEAYLGRVINALAKPIDGRGKSLFCQAIQKNNIT
1,SGGLPGTLNADEARDTDLPLKERFFIQPLSATAAAERAKES
1,NDLRLKAGYLRYDLNTVIAAKPKEQKKPLKDLTGKLFQDLN
1,KDLTGKLFQDLNNLDHAVKIKSPSEAEKYYAVAVSTLKDVL
1,MQGQSHNRNELFVIHGHEEHKPLKDLTGKFCEICGDGIGLT
1,RKESYWFKGIGSVVAVDQDPKTRYPVVVRFNKVNYANVSTN
1,SEEAEPPAATKTATTTVSPPKPPPIGPKRGTKVRILRKESY
1,DLFRKCMEPVEKCLRDAKMDKSSVHDVVLVGGSTRIPKVQQ
1,IGDAAKNQVAMNPINTVFDAKRLIGRRFSDASVQADMKLWP
1,TVMHLDLASLDSVRQFVDNFKRSGRPLDVLVCNAAVYLPTA
1,PLSGVYIKIIAAGDSHNAPFKKGDLALETTTGTDGLFVGGP
1,NMRNTIKDEKISSKLGPDDQKKIEAAIEQAIQWLDANQLAE
1,DKGRLSKEEIEKMVQEAEKYKAEDEDHKKKVEAKNALENYA
1,AEKSESATELKENLIDAKHTKSSVSDANPTNLNTGTDRKEG
1,TDSENSEDRSSKSSTAASVPKSRHEVQSMEGNARDKNRMKT
1,LCWTAMYRKQHKKDVSAEAVKKRRRATKKPYSRSIVGATLE
1,PSIDESSDVLFDVPSSVDWRKSGVVTGVKDQGSCGACWAFS
1,LWVPSAKCYFSVACYLHSKYKSSYSSTYKKNGKSAEIHYGT
1,YFSVACYLHSKYKSSYSSTYKKNGKSAEIHYGTGAIAGFFS
1,MAVRNPQGSTSSNVDGANQSKRGMVLPFAPLSLVFDHVNYY
1,EVPKLGKEAATKAIKEWGQPKSKITHLVFCTTSGVDMPGAD
1,QGCFAGGTVLRLAKDLAENNKGARVLVVCSEITAVTFRGPS
1,VEEGKVALRNIRRDAIKAYEKLQKEKKLSEDNVKDLSSDLQ
1,AFAPRMKIKQDDGLIKQNEEKLLKVLDVYEKRLGESRYLAG
1,GKAAGVRIAGQGPPIEAAPAKKEAPAGDDDDDLDLFGDETE
1,ESGLKSLNQFLSGKKYISGDKLTKDDVKVYAAVLEKPSADQ
1,YLVVNAGCRDKDLAHIEEHMKAFKAKGGDVSWHIHDERSLL
1,GFEISVPSEHAVDLAKAIIEKSEGKVRLTGLGARDSLRLEA
1,CRENGSLFDVSHMCGLSLKGKDCIPFLEKLVIADVAGLAPG
1,FTPTCSMKHVPGFIEKAEELKAKGVDEILCISVNDPFVMKA
1,CISVNDPFVMKAWAKTFPENKHVKFLADGAATYTHALGLEL
1,KVVITSISIDGNLRLIGSHQKEKGQSPEQFKIMIPKIPAYF
1,CARSPHELLLAKQAYHARFKKSLEEDVAHHTTGDFRKLLVP
1,DEVNMTLAKSEAKILHENISKKHYSNEDLIRILATRSKAQV
1,DEGALTRVVATRAEVDMKIIKEEYHRRNSIPLDVAIAKDTT
1,WFICFNSSAPGPKITDPSVLKKQARELVKNWPSQLLDIIDS
1,GVVYAVEFSHRSGRDLVNMAKKRTNVIPIIEDARHPAKYRM
1,AFIPFGDIKDVKTPLDQATQKHRSFGFVTFLEKEDASAAMD
1,LVETALALGATPRQATIQQVKRALVIALSPVLDNAKTVGLI
1,RRKSLYAKATDTGIDPEVAAKRLNIDWDSAADIEDSDDTDD
1,SIPSFRKRAESDETVPDAHIKAEKFAQRYTEILEDFKKDPE
1,LNLQETMDKELETHRLEHGPKTRKIPSGSNNQDEDDVEDIN
1,VDTGSDILWVNCFGCDKCPTKSDLGVELRLFDPKSSTTGSL
1,KLGSTAIGLKTKEGVVLAVEKRITSPLLEPSSVEKIMEIDE
1,LLMYSYLKISISKNIVPDEIKGREIHHSFPMTLFQPHTVHL
1,HLVPATMVGQIAGDKIRDYVKSDPSPTAAIVFKGTVIGTSP
1,VVANAGFFEYARGEARGMAVKARIAAYKICWSVGCYESDIL
1,RKSLDKQEETCVRRCAEKFLKHSMRVGMRFAELNQGAATPD
1,FNIDLNQWSRKDVEGSLFVVKRNTQPRFQFIVMNRRNTDNL
1,EDEGIFRELLLDFYVSSGKRKPDQIILFRDGVSESQFNQVL
1,SECEHAKPYPDPYLKALELLKVSKDHTFIFEDSVSGIKAGV
1,EASSTEIKALVKEPKDAGLKKHSAGVQKLLDELVKIEFPGS
1,EALQKYIFDTNVYPREHEQLKRIRDATFKKYGDRAELSVPP
1,SITTDHISPAGSIHKDSPAAKFLLERGVERKDFNSYGSRRG
1,SSRDWAAKGPMLLGVKAVIAKSFERIHRSNLVGMGIIPLCF
1,ASKISEIKPGQDVTVKTDTGKSFTCTARFDTEVELAYFNHG
1,ALVVVTGDRGLCGGFNNQIIKKAESRIADLKNLGVDYTVIS
1,ETQGSTDRYIGSWLKSQPRDKVILATKVCGYSERSSYMRDN
1,MERYNRSIAKEATIKYIEVAKKHGLTLVELALGFARDRPFM
1,SPLGGGSLSGKYIDIDSEAAKRGRLNLFPGYMERYNRSIAK
1,KINGKYIQSHLLSRLEAVHEKVKEQIKDVDAAESKEVSLFW
1,LFPPFQKYITKGYVSEEEAGKRLAQVVSEPSLTKSGVYWSW
1,PVALIGDFNQVRSVEDKWSPKFTTIRGESSFNDLIFENRLI
1,AADPGFRKDNRPMLGRNELFKNTLRKAAYAWKRIIELHLSE
1,SKYAGFTGVRLGWTVVPRELKFSDGFPVAKDFNRIVCTCFN
1,KEEEAKMEEETREYFDGLAPKRHAKPQRSDYSSQYVDILSN
1,LLCSSCLKPCRSKTESDLHTKRTGHHEFVDRTLETVKPISL
1,PLMARKTDKRAGVIVNASENKPEKKLKSVNFNGPPTRVLLL
1,LAIFHKAFAHPPEELNSPASKKQKQPVETLNDFLSAHSYPK
1,ATDAVIKGPGKLKLVFVPEGKDEKMELEVYNFTGAGGVALS
1,TSTNSIASIFAWSRGLAHRAKLDDNPRLLDYTEKLEAACIG
1,NRVVELVQLRDTVRPVILAGKKETVSLAIQKAERFRTELLR
1,MSKRGINVPKGVAVSTVEEAKKAVRDVFPNESELVVKSQIL
1,KVVDGLAPKVADRNASIEQVKKLYKLFCESDCTQLEINPIA
1,RGLWQPFTALLGDTPSVDVKKNVIVTISSDKGLCGGINSTS
1,VRSISTQIVRNRMKSVKNIQKITKAMKMVAASKLRAIQVRA
1,ALFKLNSGPDKENRYVVLGEKAKAQLIRDSRKDIEITLTEL
1,VTSPVQWETTVKTLLARGVKKSYELGPGKVIAGIVKRVDKK
1,PKVTKDGVTVAKSIEFKDKVKNVGASLVKQVANATNDEAGD
1,CSDELRVQADELHKSSKRDAKHYIEFWKQVPPNEPYRVILG
1,KDAGRFSAAWQLYKAQEELIKVAKQFGVKLTMFHGRGGTVG
1,FHETIWKGVPKFLRRVDTALKNLGINERVPYNAPLIQFSSW
1,TRLHLPVWLGFGAAFKHVIDKDIKNLHMLREMYNQWPFFRV
1,KSLLLQIAGHKNLLEGDPYLKQRLSLRYAYITTLNVFQAYT
1,HLGRVPSIVFEQEDGQHGGNKRLISVHTNQIKKLVNHLGRS
1,HEKLAIALSKAMRSHSLQETKTDGRFHVHTRTYLDGAILKE
1,SDRVSVGPKSFVSGDDSAGAKKLKVEKSAEEGRLDQLEGTE
1,NMLAKSDVNKALGGGGGGHGKRGGGGGGRGGGRGRGYGRGR
1,AGASAYARLYDYARIRKVCDKQKAIMLADMAHISGLVAAGV
1,KSSKKLADAVNRVIVPDFQPKKDVKIVTDEKATSLSTASID
1,ASIDDAVVINELVMKLEICHKKLMPGFKMNPIQFEKDDDTN
1,ISEVPDLNDEYRKVMKEFAAKLEKLAEELLDLLCENLGLEK
1,MDTVERMTKEHYKKCMEQRFKEVVASKALEGVQAEVTNMDW
1,DFIADALRGTGFYQKAHLEIKRADGNGAVIAEQVFEKTKAK
1,GKGGTSIWGKKFSDEIRESLKHNARGVLAMANSGPNTNGSQ
1,LHTKRAEIRVQFRHVPGNLYKRNFGTDLDKATNELVLRVQP
1,GWGSQGPAQAQNLRDSLAEAKSDIVVKIGLRKGSRSFAEAR
1,VIDMLLFKGLEELNNVVEHAKQRHHIIGQYVVGRGGLVQDL
1,SVLLPDGTPNVHFRVACGGQKLRDIMLDSYIELYGPYSRPL
1,VGGLERESDYPYTGKDRGTCKFDKSKIAASVSNFSVVSVDE
1,EAPAKVEKISKKMEEGVVVNKFRPKDPYVGRCLLNTKITGD
1,AWLFLGVPTSSSLLYKEEFEKMKEKAPENFRLDFAVSREQT
1,AEELWELLKKDNTYVYMCGLKGMEKGIDDIMVSLAAKDGID
1,LATGTGIAPFRSFLWKMFFEKHVDYKFNGLAWLFLGVPTSS
1,QIVGDDLLVTNPKRIAEGIQKKACNSLLLKVNQIGTVTESI
1,LYYGDNHSAVVQLHCREDVEKLIADHKSDDKLVVLDVGLKH
1,AKGKGKGGKAADGLGTCTYVKARHILCEKQGKINEAYKKLQ
1,FGHKATSAGLKEQEAINFLEKKMKNDPAFSYEETVQTAISA
1,SSGITSIGVRGKDSVCVVTQKKVPDKLLDQTCVTHLFPITK
1,ALGLKTGGTIQQRAERLFLTKHTPLEQLDRKHFAKGSRVSE
1,ICGEGPCNGIPNDYVSVLAKKFGAAVVSLEHRYYGKSSPFN
1,NIPIVLCGNKVDVKNRQVKAKQVTFHRKKNLQYYEISAKSN
1,GDGGTGKTTFVKRHLTGEFEKKYEPTIGVEVHPLDFFTNCG
1,LYEKYEDQVDSFGEKAMIEIKKQYAVFDAKVLSKIPRGPLK
1,VARARAFAKKLSDAPLAIVDKRRYGHNLAEVMNLISDVKGK
1,SYIKIPTDIKGYLEGCRFLPKLNNERVDHRNSTYKERFSSL
1,CSLPFVVFHGIADKCSATGVKRFVKLLTNWTGSQGYCVEIG
1,SSRQVIERYYSKMTLDFHTNKKILEEVAIIPSKRLRNKIAG
1,PQFYMRTTDVTGKVTSIMNDKDEESKMVMPGDRVKMIVELI
1,ARFQGQATDVDLARREVKNVKAELVKLYSKHIGKSPEEIEA
1,GTAGGKATEMSIRIREMVYHKVKLNKILSRVTGKPEQQIEI
1,NPLGLGKDEKSMRDMKLKEVKNGRLAMLGMLGFFVQALVTG
1,PGLEKLNILPFKVAAYDTVEKRMAFFEPSRAKDFLFISGTK
1,AGANFYIVGRDPAGMDHPIEKRDLYDPDHGKKVLSMAPGLE
1,VALVAPDGDLVGVLRSIEIYKHNKEERIARTWGTTAPGLPY
1,GHGDVFPALTNSGKLDALLSKGKEYVFIANSDNLGAVVDLK
1,LGVSILQDLHNQRETLLHSHKKFHGIDDAREKPFCRNCRGR
1,AGRKLKSHHRRQRWADKAYKKSHLGNEWKKPFAGSSHAKGI
1,KKVPGGNMRDSFLVNGVAFKKTFSYAGFEQQPKKFLNPKIL
1,ESFSGQFLVPSYRGSSFLDPKGRGGSTGYDNAVALPAGGRG
1,AVALPAGGRGDEEELVKENIKNTASSTGKITLSVTNSKPET
1,FKPGKYQMKKFCLEPTSFTVKADSVSKNAPPEFQRTKLMTR
1,IHNCDKHPEVPLMEIKYCTEKFLKDSGINHIIIRLCGFMQG
1,VSLQRYTKALTVHQRSSLVEKSRQKPQEKIRILTDVMKSNN
1,SSFVVSFYVPKENQASPPPAKGLHAQRWEPIYAAVRQFSGF
1,QGGLTERHAGSEFSEDKFVTKVKMEIVVSKDQVESVIDKIL
1,GVDESALATLFSEQGKVIEAKVVYDRDSGRSRGFGFVTYSS
1,LAATRTPAILRLPESSPMWAKKALDLGPQGIMFPMIDNPKL
1,AGASVLNIPLYKHIANLAGNKKLVLPVPAFNVINGGSHAGN
1,KTLREFQPTIKELQEVSREFKSTLEREIGLDEIQNSKQTTY
1,QASRALKQGKSMIVSGLAESKKEHGVELLDKIEAGMGELQQ
1,NCIHVAETPTMDSLKTGAPDKWRLVRAHGKAVGLPTEDDMG
1,WGVVKRGWDAQVLGEAPHKFKSAVEAVKKLREGANDQYLPP
1,SDSGITFNVKPKMKALEISEKARDAILSRKYLQVRVNLPNS
1,FSVKQSSLDALRETLKSFRHKNEEALAGGEDTARQSLFKDA
1,KVDEHKAIVVAHKTEDPPVKKTSSTSLDRDIALADVEKEKR
1,LARVSTEKRLSLIKAWEDSEKSKAENKAHKKLSSIGAWENS
1,THLGGEDFDNRMVNHFVQEFKRKNKKDISGNPRALRRLRTA
1,LETAGGVMTVLIPRNTTIPTKKEQVFSTYSDNQPGVLIQVY
1,IDANGILNVSAEDKTTGQKNKITITNDKGRLSKEEIEKMVQ
1,SNSGNLRISRGNKGTTFVLQKKTEPRQRLLAAISTNTGVRE
1,DLNLDEMRAFAREIVEKEFEKHSADGLGRVDYALASGGAMI
1,GELGCNFEVYRNDELTVDELKKKNPRGVLISPGPGTPQDSG
1,IGVFHLAHPIDFQGKEPEEVKNLRAINGTLKILNSKTVKRV
1,SNQLQNIRKGLRGDSVVLMGKNTMMKRSIRIHTEKTGNTAF
1,GNVGLIFTKGDLKEVSEEVAKYKVGAPARVGLVAPCDVVVP
1,ASGKLKFDDVAARYSDCSSAKRGGDLGPFGRGQMQKPFEEA
1,LNVIDPKIGGVMIMGDRGTGKSTAVRSLVDLLPEIKVVAGD
1,AQTAAKAKGYTDVLYLDCVNKKYLEEVSSCNVFVVKDNVIS
1,VGSNIEVDGSPWKVIEFLHVKPGKGAAYVRTTLRNYVTGNS
1,LSHLPFTQYLVGPMGKEYMVKNRKNVSAWWDDISNRPSWKK
1,IQDGDYTLFESRAIIRYYAEKYKSQGTELLGKTIEERGLVE
1,EAQAKYVGHMKGALSKNLFLKDKKHRFYIVSALADTKVDLK
1,IEGASAVHPLSIAKVTLDDDKSKVIDFKIIWSSSPDSLKYK
1,QGLEDKVVPPDQARKIYHALKEKGLPVALIEFEGEQHGFRK
1,PDLGAAQELALIAATYKIISKEESNRINAVQSAFEDAESIA
1,AEEAEAKAAAAGASVEGLLGKAKEIGSGLSWEKFSSQLKTA
1,KAEEEARKATEKALEAAAASKKLEKEVKKLEQQEARATTLA
1,GLSWEKFSSQLKTAVQNPDEKLKVRIATIRGQAKARNLPAK
1,EKLGNVGTAKQLRSSRNSFDKTESKAGRPPTRKLSDRKAYT
1,GNENGSGLARRLSSNSPQQVKSKGDHFSTAALSESEESGAA
1,REVSSRNGTTKIGRPTSGNVKGERKSKTKPKQKTTQLSASV
1,ADQDNSSLPHDRRDRPAASDKERVNLRAVNKTNVREDFSSA
1,NPKYTSFAAESKKGFLGVTDKKDGYSFVYPFGWQEVVIEGQ
1,IKKYIKLLTPKLEGDKQDEFKKNIEGATKFLLSKLSDLQFF
1,AVARKLKERKETRACIVFPDKPEKRRASELFKSAFDLIDGI
1,GMEDRLCAYARAVAHFPTAVKEFKWRNGWFYSLSEKAIAQG
1,LSSSGKIFSEEEKAAENIYIKKIEQEKLEKLARKGPKPEEK
1,VQAYLTRLEATGSKTLADLIKRHQNSDHPIDCTVYDAFLPW
1,EDHLKKLDEQIEEMAKGWPEKLKHELHVEHELTRIRRSGYV
1,FAKMPWLAIPFSDSETIKHLKELFKVRGIPHLVILDGTGKV
1,EKFHVSEPEPKFEDCKEKEKKHDLLEKLPRSNSSSSSSSDE
1,PKSILKDMPRGVDEDESMGFKKPSRIIDREDEYRRRRLNRV
1,EAGFEDFKRIRTDPDLANIRKSEEFELLMKRFDESFINENA
1,DPSFVQRIRDLPKDLPGTHIKKEVSQLIGRTPLVFLNKVTE
1,MQPTASIKDRPAFAMINDAEKKGLITPGKTVLIEPTSGNMG
1,VSELWSARLKAEYIVSKRMLKLIERAKTSRIPWMVIVGERE
1,STTGGQILFLSGQVDDRTIQKYEKEAKDKSRQSWYMAYIMD
1,AEERHCHILGRLLYTAKLVAKQEGLEEGFRIVINDGPNGCQ
1,ARKSTGGKAPRKQLATKAARKSAPTTGGVKKPHRYRPGTVA
1,ELLIRKLPFQRLVREIAQDFKTDLRFQSSAVAALQEAAESY
1,KKPHRFRPGTVALREIRKYQKSTELLIRKLPFQRLVREIAQ
1,TKPQGGEVVAVGEGKTMGKNKVDISVKTGAQIVYSKYAGTE
1,SFRGLVVKAATTVAPKYTTLKPLGDRVLVKIKTAEEKTVGG
1,FAYSDHVKPSLFELKRSGVGKSAWTVNKRKLPSNLPFAHSM
1,DDLDLIKRQYRRLALLLHPDKNKFAFADSAFRIVADAWSVL
1,TTNEAPSEAPTNLKEFVSDIKRNFGLKYVYVWHALMGYWGG
1,KSELVCIHDSARPLVTTGDVKKVLKDGWLNGAAVLGVPAKA
1,ITNWFVVEISKGSKVKYELDKKRGMIKVDRMLYSSVVYPHN
1,DIKQLPPHRLAEIRRFFEDYKKNENKEVAFNDFLPSATAHE
1,QGDGGVGSIKQTNFHEGSHMKCLKHKIDSLDIENYACKYTL
1,IRNADQMNFADIEKAINTLAKKANDGTISIDEMAGGSFTIS
1,EVDMTNLMKLRSDYKDAFVEKHGVKLGLMSGFVKAAVSGLQ
1,GEGVTHVAPSGTTAEPAPAEKKTDKQESTTETPVLKEAPKE
1,EGISVDESGRQHYLDASVAYKRAVLNAIDYLSKFGYSKEQM
1,MEAWELSTLAHKINNIHEHLKKQLDICYQLIEDRRSIEAYE
1,KIENLYDVFMNIREDEGEHCKTMKACQIPGNLHSPHSYQED
1,EIHAYETYDKFIKARGDELKKLPAPEVAVKYYTGGDLYLFD
1,IMWSIGIIIEATADQQKLNFKNFPENRGKWCSVGVWKYSRH
1,APDILGDCPFTQRVLLTLEEKKIPYKIHLINISDKPQWFLE
1,VACEAWIKKGDPKEVICHEVKRVQPDLLVVGSRGLGPFQKV
1,PTKCKDETKPRIKPYKFSNQKLKDLGLEFTPVRQSLYDTVK
1,TQLEIIELLLKACDAVENYVKKCKTLVFEYGPFILENAEQF
1,ALVLIGPGSVDQAKAFSEQTKFKGEVYADPSYSSYKALRFV
1,KLLLQRLKPFNCNLLYHDRLKMDAELENAIGAKFEEDLDVM
1,KCDIVVINMPLTEKTKGMFNKDRIAKLKKGVLIVNNARGAI
1,HRVVLVNQDSFYRGLTAEEAKRVHEYNFDHPDAFDTEQFLE
1,RSKGTAEVIYSRRQDALAALKRYNNVQLDGKPMKIEIVGTN
1,GITAESLLNNIKETLAEGVSKKKSVSFAEEEISKSVTTQFN
1,GVPLDANEVAGLLNKMQLHAKKSDSGDKRSTFIVSVPPTRS
1,VRTSLMPGVLKTVGHNKDHPKPIKIFEVGDITLLDETKDVG
1,GIIGKPVGHSKSPILYNEAFKKVGFNGVYLHLLVDDVANFL
1,ERIYGLGTGPKVEVLKQLQKKPEHQGLTLHFVEDRLATLKN
1,EAKRVYAFKDAVSSNISEEDKLKKLGDLMNESHYSCSVLYE
1,KNHKWGHYFICGYKGYHEYAKSKGLDVGVPVGLDVMIDGTV
1,SSARSVGTAPWATAKFEDVEKKLVSPRESEKSTSDVFKKTT
1,EKAPKSEEERKQFIASLHKRKTELFMALIEKKLLPLRPGVA
1,NRSGLESLINVYKEAEAMQEKARVLRCIASCPDPDIVLEIL
1,LDIVLELITPRNVNEVVLTLKKEVMKTQSGELEKNGEYRQM
1,LVDAPEMIEKVLSTEQDQSAKRNAFLMLFTCAQDRAINYLL
1,FEVVTERKPIKDKPSMDSGNKSRITTKRSSDGQSKNNLKLY
1,FQITVTAGYFNNDAKTNEVYKVDEKGMRWFYTGDIGQIHPD
1,QKLPNNIFEKSYPLREFDLQKRIHSFLYKAAELCMVGFTSG
1,AAIVNTYKSACERYYGSIGNKRKNNTISYDGSNDQSGGPAG
1,KCLPGPHFDPPSKEDVRTMIKDYDYNHDGRLDREEFAKFIQ
1,DAVLLGAIGGYKWDNNEKHLKPETGLLQLRAGLKVFANLRP
1,EVYATYEIDRIARIAFETAQKRRGKLCSVDKANVLEASMLW
1,RGGELGKGPKNRRCEVTLFTKKHGVVRAEEDSDTLYGSIDL
1,PAKSPAKRPAPSENNSNQESKRARKKAVDSDVVVQEDSTKK
1,VEPSDKSVEIMRKFSELYAHKSGTYFCVDKGVTSVVIKLSI
1,VNGEPYPLDMRGELDDTAAFKNFKKWGDIEFPLPFGRVLSP
1,TLHSELVFNYSGSKHITESFKRCGISESSTYILVARFGTSV
1,IYAPQISKALARADRKDLMRKLPKFIYDEEKALERTRKILT
1,GGDFHIHKLSQRSSIINCGAKNRQAQLHKHMPMREALDVLL
1,GKRGSIEGTAYKANPNSDEAKLKVKFYVPPFLPIIPVTGNY
1,IYNQLVEKAKEEGYDVSKLHKTQHTNPPPEEEGPKDTKGIW
1,DLWSIVLPSESEKIVATVTRKSNEVVHTQAKVMAEHDVMYK
1,SLYEDQVGLMDWHQQYIGKVKHAVFHTQKAGRKRVVVSTEE
1,AGKGGKGLLAGKTTAAAVAAKEKDKKRPVSRSSRAGLQFPV
1,LPALTPPGSYTLKMKMQDEKKHELTCISFKFDIQLGSFMSI
1,PRFEPVDREKICPLLLRVFTKIGGHHTDSDFAVRGKEPKDE
1,QGRPLPPARGGLPGPPPHPPKNATRFEPVDREKTCPLLLRV
1,ENADEDPEIRVSVKDEGPIGKRLKEAFMAKGKPFVLEQVRV
1,SREDLLKDALFALRETLQGEKLKSSICTVSVVGVGEAFHML
1,PSGNYFEYQAFAIGSRSQAAKTYLERRFESFMSSSREDLLK
1,KTHVVLASVNKAQSELSSYQKKIFKVDDHIGVAIAGLTADG
1,KLYRFDKDGNQWKERGAGTVKFLKHKETGKVRLVMRQSKTL
1,SEAVETKRDAKRKLPDQPAEKKEANKPPDSWFELKVNTHVY
1,ISQYTDVTKRAAPDMIDVVYKRITIQGFLSTDYMNVYADFL
1,EFRREKSKALTLLLAEVELLKEKLGFDDAFNYKEETDLKST
1,EYGDTTNGCISTGAHFNPYKKTHGAPKDEIRHAGDLGNIIA
1,VHVRIQQRNGRKSLTTVQGLKKEFSYNKILKDLKKEFCCNG
1,LVANEEFQHILRVQNTNVDGKQKIMFAMTSIKGIGRRFANI
1,KGIGRRFANIVCKKADVDMNKRAGELTNQELDNLMTIVANP
1,RMFAPTKIWRRWHRRINVNQKRYAVASAIAASAVPSLVMAR
1,IVNYVHTNISKNSRQPYAVSKKAGHQTSAESWGTGRAVSRI
1,EKTSAAIKALKQIGAYSDAEKAKDSQAIRPGKGKMRNRRYI
1,PMKKNPLKNLNTMLKLNPYAKTAKRMALLAEAQRVKSKKEK
1,KVPISVLGAEIDRMSPPELVKKFDEALNAKPEVDGFVKIFP
1,EVDGFVKIFPGVEHGWTVRYKDEDAGAVKSAGEAHKDMLDW
1,TEGKEESKIQVENKNVVEMTKKWYLGGTRAVSPSTVSCLAN
1,EEQAAAVMRAARAEISAALNKMKKETTMEVEQKLAEERKKL
1,LDKVYYTPLGNFMDQRDAAIKEKLGSVKDTSAEVKQLEEQA
1,GKGGAKRHRKVLRDNIQGITKPAIRRLARRGGVKRISGLIY
1,IEGRLPDAAKGCDHLRDVFVKHMGLSDKDIVVLSGGHTLGR
1,EEYKKAIDKAKRKLRGFIAEKNCAPLMLRLAWHSAGTYDVN
1,IALFKSKTKAAPVKKQVAEPKPKVESGIFGTSGGIGFTKQN
1,AADLKEHVIKPVIPEKYLDEKTIFHLNPSGRFVIGGPHGDA
1,GLCPVGVIEMIQQCLPESVTKSIKKCQDGKHRKSIEWVPYS
1,KQAFAVHWEPPPECVYKWKHKHPEAPKSLRIYECHIGISGS
1,ISSRKPEIFEFEERTSPNEVKKEIERCYELIHRLGRGVAYL
1,SVTVTREKSKITVTSTDNFSKRYLKYLIKKYLKKNNVRDWL
1,KRVHFVRTLIREVAGFAPYEKRITELLKVGKDKRALKVAKR
1,FAYRGLLLDTSRHFLPIDVIKKIIESMSYAKLNVLHWHIID
1,LTLQRKRARIAEKKKRIAKAKSEAADYQKLLATRLKQQRDK
1,RGFYSKNTMQLMPKTVNDIHKRGGTILRTSRGGHDTNKIVD
1,HTLHKVTQYKKGKDSLAAQGKRRYDRKQSGYGGQTKPVFHK
1,VMIAAASDAIGGKATCGRNYKVTCTGRTNQGVLHPCTGKSV
1,KRIARMLTVKREREIEEGINKRLSRKLDRQWKKSIVVRPPP
1,VDLKGELFMLRLQKSARNEFKSSEFRRMRKRIARMLTVKRE
1,VYTAILTPDNDLRILIDGEEKKKANFFSAEDFEPALIPAKT
1,DDSFEGSWIVSEKEDYKGVWKHAKSEGHDDHGLLVSEKARK
1,CETAPGCGEWKRPMKRNPAYKGKWHAPLIDNPNYKGIWKPQ
1,LLVSEKARKYAIVKVLDEPVKLKDGTIVLQFETRLQNGLEC
1,PIMPLDILADRPPEKKFELAKRLLAKYGSLISVLSIVTLFV
1,DLVVDMTNFYNQYKSIEPWLKRKNPPPVTGKEVPQSKKDRE
1,DFQINLKECGPMVLDALIKIKNEIDPTLTFRRSCREGICGS
1,NPLGFLGTVFEFVSRESDLFKSDSVVRDVNALVRNVKEKVD
1,AILTECEDDQKHTPKPSSSTKKFNAEFDPSNPLGFLGTVFE
1,VTINIPVPPGTKSREIACEMKKNHLKVGLKGQPPIIDGELF
1,IKKLRKAKREAPPGEKPELVKTHLRNMIIVPEMIGSVIGVY
1,LSSLKEEVTEMSERLACENAKHADEQRNLQDMLSDLQVKLE
1,QQVVVNYYPKCPQPDLTLGLKRHTDPGTITLLLQDQVGGLQ
1,EPITFADMYKRKMSKDIELAKLKKLAKEKKLLQDQQDIEKA
1,ARDFFALPPEEKLRFDMSGGKKGGFIVSSHLQGEAVQDWRE
1,NVENLEAIDRLIADGEASHNKWRHPDPYIVPWAPGGSKFTR
1,AGTFALYEKHQSKKDPEHAHKHKIEEEIAAVAAVGSGGYAF
1,VDKLMELRSQLNSLQEASGGKRISINDLVIKAAALALRKVP
1,FVPVIKDADKKGLSKISDDVKLLAQKAKENSLKPEDYEGGT
1,DENQKKYAEFDARFKESPLLKKLLEQSKLNKEKNKQEILDK
1,TPHMSAMHHDTSSDLRVVGSKLKDVLEISNTSLKTRKVVVE
1,QANGTLLFPAINVNDSVTKSKFDNLYGCRHSLPDGLMRATD
1,DNAEFQIVLSIIRDGLKTDPKRYHKMKQRLVGVSEETTTGV
1,EVEMPGLMSCRVEFGPSQPFKGARITGSLHMTIQTAVLIET
1,LELWNERNTGKYEKKVYVLPKHLDEKVAALHLGKLGARLTK
1,PIAAYQVSGEYSMIKAGGVLKMIEEERVMMESLMCLRRAGA
1,GAMPGCYRLGWRHGLVEEVSKARDVGVNSVVLFPKVPDALK
1,QIFEMPTGGAAIMREGPNLLKLARKEQCLALGTRLRSKYKI
1,KIKYQFYRVFPNGEVQYLHPKDGVYPEKVNPGRQGVGLNMR
1,YSLAAVTNDIFTKEDGEFLVKHGALPEERIRAVETGGCPHA
1,AALLALIENYCREAGVRNLQKHIEKIYRKIALRLVRKGASS
1,IVAKYAGAAAMYFVAKKLKKKHNITDERAALYEAAETWVDA
1,KAFLDYHDIPYKIVEVNPINKKEIKWSDYKKVPILVVDGEQ
1,KTTLLEEANPKSSDERTENRKKKRKRQLLKEAAMADKRGVC
1,QRDTTSYYKEPRPVEPQLNVKSKNLSREYGGQWLSSATRHV
1,DRLRRTANDPSKAPPRADVVKSLKNGIALNLLGMGAAILGM
1,NYVLDRGDSKRLKKAAMVHNKKSGRVMELFTNQPGMQFYTG
1,WSNITCSFSNKSSKAVRFLLKNVTGEAKPGRLLAIMGPSGS
1,STNGSDLNIRESANDLDVTQKYKHLWVQCENCYGLNYKKFC
1,GGSMGSVVGEKITRLIEHATKKFLPLIIVCASGGARMQEGS
1,ASCAMPALPGMKIKTDTPIAKKAREGVMEFLLMNHPLDCPI
1,NEDINEEWISDKTRFFYDGLKRQRLNDPMIRGADGRFKAVS
1,SPGKIFIGGLAKDATHATFVKHFGKYGEITDSVIMKDRYTG
1,RRAKRVKASKPESEPQFFPEKRNLEDLWQQVFPVGTEWDQL
1,QNRQGKTRLAKYYIPLEESEKHKVEYEVHRLVVNRDPKFTN
1,PDKPLDSAVLSRLKQFSAMNKLKKMALRVIAERLSEEEIGG
1,QMIDCYIQTLAKVLGSEEEAKQKIYNVSCERYFGFGCEIDE
1,AKGCTKLFHAAEFVHKHLKLKHPELVMELTSKVREDLYFQN
1,GVFPRHDKKPAAAKPAEKAPKFYPADDVKKPLLNKRKPKPT
1,VGKYSRSQMYHKRGLWAIKAKNGGVFPRHDKKPAAAKPAEK
1,SDLVAFGRLFLANPDLPRRFKLDAPLNKYNRNTFYIPDPVI
1,IIALVVCIPPAIILEGPKLMKHGFSDAIAKVGLTKFISDLF
1,KEDLNHVEHVVHSAKEEYADKAKVHAPEIVVDSIYLPAAPS
1,ISVSAEEEFNIEKLQLVEAEKKKIRQEYERKEKQVEVRRKI
1,ISGGPVYVSDAPGKHNFDLLKKLVLPDGSILRAQLPGRPTK
1,KENAKFKNKEDPGKGIENIVKIAKEKYGLRHVYVWHAITGY
1,YTGVLGVYNCQGAAWNTIERKNTFHQTGSEAITGLVRGCDV
1,VYVSAGTDPFATITDAIRAVKSHLKTFRQRHEKKLPGIVDY
1,PTPEPLCQVMLRVGDLDRSIKFYEKALGMKMLRKIDMPGQK
1,SKKPKGCLNPENFKEFKLVKKTQISHNVARFKFELPTPTSV
1,DHIEETTADGIMVRAYCPVGKSDQGRFALDVAVKALDIYKK
1,GEGTGRVVCVTSGGTTVPLEKRCVRYIDNFSSGHRGAASTE
1,PGDAEIVYASTEKAAHELNWKAKYGVEEMCRDQWNWASKNP
1,LGGYKAVVIDNLDNSSAVAIKRVQELAGKNGPNLTFHKMDL
1,KEIRKFAQKAMGTKDVRVDVKLNKHIWSRGIRSVPRRIRVR
1,EKTKGRKEEVVTREYTINLHKRLHSCTFKKKAPNAIKEIRK
1,VDAKQEAEMNEGGAAVSSGVKNKVIYCTSLSWSADGSTLFS
1,NKRISKGKKGGKKKAVDPFSKKDWYDIKAPSLFTVRNIGKT
1,NVGKTLVSRTQGTKIASEGLKHRVFEVSLADLQGDEDHSYR
1,SSIYPLQNVFIPKVKNLKAPKFDLGKLMEVHGDYSTEDVGV
1,WLQRVKIAVGAAKGLEYLHEKARPSIVHRDIKSSNVLLFDD
1,AMMLRHLQFPSFADRLETAVKRVISEGKHRTKDLGGSSTTQ
1,VMEAMHAPVYFERYEVHGDMKKVPQEVLDSIKKNKVCLKGG
1,YSGLEHEVVPGVVESLKVITKFCSERIAQYAFEYAYLNNRK
1,LEEDLEQLKVLENGYKMKVIKVDHEAHGVDIPEDVEKIEQF
1,LQVTYIVRGSGRVQVVGIDGKRVLETTLKGGNLFIVPRFFV
1,KVMISGAPASGKGTQCQLITKKYGLVHIAAGDLLRAEISSG
1,VPSAKTLGEWAGLCKIDSEGKARKVVGCSCVVVKDYGEETE
1,LVLRKSLAHGGVARGLHEGAKVIEKHAAQLCVLAEDCNQPD
1,YPLNALEPHMSRDTLEYHWGKHHRTYVENLNRQIVGTELDG
1,TTVQCLSGTGSLRVGAEFLAKHYHQRTIYIPQPTWGNHPKI
1,AIALHSQVITEFCKSIGADAKQRQGLIRLAKKNGERLGFLA
1,ASGSVDQTARIWHVEPHGHGKVKDIELKGHTDSVDQLCWDP
1,DEDIGALHLIPKELSLKILSKIESGERFTVYIVLPMWPEGI
1,SKESNNLYNLNSYKHSGLANKKTVTIQPGGKDQSVLLATTK
1,ANDLAQPLVEAQIPFKIHIVKDHDMKERLCLEVERLGLSAV
1,STARSEGATILCGGARPQHLKKGYFVEPTIISDVTTSMQIW
1,GTLTKGLVDSSKSAVKAVQVKARHVVSQNKRRYQEGGFDLD
1,LGLRYDYGKFYASKTFFDSTKNRRVLWGWINESTSAAIDIM
1,MWMLFPKEDEYIEWFQKAGFKDVELKRIGPKWYRGVRRHGL
1,PQTPATAMRGAESDAMGLLLKERIVFLGNQIDDFVADAIIS
1,SNQNTADIDNLARFAIQEHNKKENTLFEFVRVVKAQEQVVA
1,ESAKIDMVLKVKRGDKEEKFKVEVHKNNEGTFHLNQMEPDR
1,ELKLEKLLMIGRSDPSFPIQKKRVSREFLRTKAHLRPRTNT
1,ALKNLGLNVVKANVYLDSSGKHTKFAITKANTGRKVDDPEL
1,NMVGYNNKKCWPRDARMRLMKHDVNLGRSVFWDMKNRLPRS
1,IAGLKKLLSEKGDLEPVAAAKIKQITAELEATAAKSFNPVE
1,FNPVERIKTGFAHFKTEKFEKNSALYGELAKGQSPKFMVFA
1,QDQRIRLHHVDTGGYLHSHDKKYTRIAGGQQEVCGVREKRT
1,MAPKPQRLNRVAETTLQSATKRPRMITTTAESSMRDAFAKY
1,ELNDKRERVVKASRDITINSKKVIFQVHSADVATLFSYNRM
1,PAYIILNVFGLTLIAKLQAEKHIRKSGINYTIIRPGGLRND
1,MEYVKSVQEQNKVVSMGILEKAKGICTSHGVKAETILIAEV
1,HTIDMDTIEVSNLNRQFLFRKSHVGQSKAKVAREAVLRFRP
1,ETPLLLEVNTYCSKLRDFVEKIVKAKLGMSFPSIMHGASLL
1,APGEIEGLGLREGANLVEVVKKVKPHVLLGLSGVGGIFNEQ
1,QEEGQFETLDYRVFFLDNSGKKAKEPISSSFKISDLALTGP
1,IPKETSAKMEVATDEPFTPIKQDTKKGKLRFYPYNINWNYG
1,LVGDFHRTMLYGGIYGYPSDKKSKNGKLRLLYECAPMSYLA
1,LAKGFILGKDALNKAKALDEKHQFTSTATAKVVSLDQKIGL
1,TGQGFGATIRAINGAVECDGKRTDLVTARVNLYTNYCSQFG
1,TPLNGKPIRIMYSHRDPSIRKSGTANIFIKNLDKAIDNKAL
1,DESESKASGLMQRIEALEVEKRKLVRENEEERERVKNLKKE
1,DLHSQLKELIPEQQERLKKLKSEHGKVQLGNIPVDMVLGGM
1,SLLDPEEGIRFRNLSIPECQKKLPAAKPGGEPLPEGLLWLL
1,HEYEGKWTVNTRLSTCDPHTKRMVSNSNTPQEVEANKEIVF
1,LDYGVSIEDIKELFSEVGDLKRYSIHYDRSGRSKGTAEVVF
1,DMQTNIKKIVNLDDLAAGHNKRKIIQQAIFNELCKMLDPGK
1,SSWWIRFFGQISLEVNEAAAKKFEQAAIKLSYKPSCQVFHL
1,DSYGGGVAGLKHVEIPVPALKKGEILLKLEAASLNPVDWKI
1,CSALSSQSSVDHSTKFREAAKHGNLIPLYRSIFSDHLTPVL
1,SMEIVAKENMVTVMDHREGRKTEEIAEDPMVVPRRIMEKWK
1,DFKDVDVAIVKATNHVECPPKERHIRKIFAATSAIRPRADV
1,LRKKTKQKNPDIEVSHSRPSKKLKEGNAPETPSLTPYQLNT
1,KEKGRPQKLQVKSPQPSTGGKKGKAGVETAKEFDVKECITK
1,MLAGLLNWPQGTFASKVVLDKQKQIITVDREVDGGLETLCL
1,GIDPWCVAVDTAQKWEHAFAKKQQKLVQTSTNLVDEVWKDR
1,KQSPLALAKAIKNPVELDGLKKAHIRDGAAVVQYLFWLDKQ
1,DAKIAILTCPFEPPKPKTKHKVDIDTVEKFQNLRQQEKQYF
1,DTKATAADAAAATAKTAAPPKKAPMETKAGAAAAMPPYEDF
1,QACCGHGGKYNYNKHIGCGGKKTVHGKEILVGKPCKDPSVM
1,NEMRRVEHVDHARKSAEHAVKAIFASTEGKSIEEYDYLPFF
1,NIYYLREIDDADKLVEAIQAKKNGKVVIVGGGYIGLELSAV
1,IKGTVAVGFTADANGEVKEVKLKDGRVLEADIVVVGVGGRP
1,FGGNVHVAAGLFMKATPENFKRGMEAAAAGSGVKISCLLTD
1,SIVPHVAKVQEMVDPHFQEVKKFTKPYIDQVTTMTKPHVDK
1,MDMVLVTQYFDTMKEIGASSKSSAVFIPHGPGAVRDVAAQI
1,TKDNVFVNVVASIQYRAMSDKASDAFYKLSNTKGQIQAYVF
1,PYAPQNRCVKILEGHQHNFEKNLLKCGWSPDGSKVIAGSSD
1,GLSKAVEMMLLSKSITSEEGKKLGLIDALVSAEELLRVSRL
1,MRSLHRTDKLSSLSESREILKFARQQAKQTAPNMPQHQACI
1,RGAAALGRLKAYEGIPPPYDKMKRMVIPDALKVLRLQAGHK
1,NVPTDFGDFPSKAKLILSSEKLTKEGFSFKYGIEEIYDQSV
1,LMASAKHVEINCRGENIAFLKCKKDDPNPEKCLDKGHQVTR
1,QDADKVDIYSLSRRWKELVDKARAKQLQPHEYSTGTFTLSN
1,NWICNPVHKHRELRGLTSAGKKYRGLRGKGHLNHKARPSRR
1,HKQAIPFTRFCRGVGRTAQAKNRHSNGQGRWPVKSAGYILD
1,WRILSSIEQKEEGKGHEQNVKRIKEYRQRVEDELAKICNDI
1,MRSDLVRDHGEADLKLKSLDKHLQEVHRSVQILRDKQELAE
1,LGALGCITPEVLQKWVRVAFKEPVWFKAGAQIFSEGGLDYL
1,DLTVQIQQATKELDKAHADLKKLPEMHAELDSLRQEHQRLR
1,NMMGMAREVEKLRAEVLNAEKRARAPNPYGGPYMHPDPIYP
1,NVGDAALSFDSEEAAKAFAEKHGWEYTVKKHQTPLLKVRAY
1,LNSDLRWEAARDPLHADIDSKKACGVGPGMSFANAVKDRVV
1,MKDVEALPPPPEIKDNIPAQKYKGDVSYFICTRPGKGPVVL
1,ARNDQVDLMKPGATVILRNAKIDMFKGSMRLAVDKWGRIEV
1,RDYLFKELANKTGQPVEKINKDLSRMKRFNAQEALEYGIID
1,RLEYVGQKIQDLVMAERLLMKHLDAPGRWLQEKHRRILMNK
1,VVNDESNPLIEMLKSELQQIKRLMKSQEIYEKQGRPFALSS
1,KNGYLVIKNRPCKVVEVSTSKTGKHGHAKCHFVAIDIFNGK
1,LSSLNAGTTAIKKASTIAQVKNSPNPIKVEDHDNRSFGGKK
1,LQSEWREAKRSNKMKVVSFLKEKTGYIVNPDAMFDVQIKRI
1,VAQRYGVTRQEQDQAAVVSHKRAAAATASGKFTDEIIPVST
1,KKKAAAKKETPEEEVAAEETKKSKHVLRKLEKRQEGWKLDG
1,KTTAAAKKEGEEGDVAAEETKKSNHIVRKLEKRQQERKLDP
1,IQAKPDSVYFVVSRGADVDVKRLPKRPAPPRFGRKLTESQK
1,GKGSMRRKKKAVHKTTTTDDKRLQSTLKRIGVNAIPAIEEV
1,TSIPLPNVTSKILAKVIEYCKKHVDTPKSDDKTAEDELKNF
1,QKALTEHRNPDTLKRLNDAEKAKKELEQQEYFDPKLADEER
1,EGRERKAQAQKEKEAGNAAYKKKDFDTAIERYTKAIELDDE
1,STTEILKGKHSVDNAIEGSAKLKVRNDPLPRTEGSKRKRGQ
1,KIYDAGRRIWATKGEDQEVAKKDFTDCLKVLEGALGDKPYF
1,LPTEEEKELKETLQDIIGQGKKVKVEQKIDPSILGGLVVEF
1,KNFMAVLAENGRLRHLEAIAKRFIELTMAQRGEVKAIVTTV
1,LTLQRKRARIADKKKRIAKAKSEAAEYQKLLASRLKEQRER
1,GPKPGKPTDLSRMRHILVKLKHNPPPHMNPKPSPSSETKKD
1,LTESVLEKCDAREKLREKITKLFDHPRYCAPFRRGKKYFYF
1,IERYFPGAKVVISSPTWGNHKNIFNDARVPWSEYRYYDPKT
1,NLGVGAYRTEELQPYVLNVVKKAENLMLEKGENKEYLPIEG
1,GTKYRRLVEPLDIANYYRHSKNEDTGPYLVKARPKRYRYTQ
1,AYKDGKLIGTQSLRSYLGEEKLKGFINFGLHYIADLDIAIK
1,LEETDRDGFVLVRIHGMHNPKRINVSALERVTSGLVVGDWV
1,IPQQRKHFFTLSYTRGFHLEKKMFHTNGFGSITMGSNARDL
1,SKLHVPDFTSQFISKDLLESKPLKGLRVGVIRETLDDGVDP
1,RYGNQVVADEINSLYGDSRAKGFGSEVKMRILMGTYALSAG
1,DLRFKLTGVPTLIRWEDDAVKGRLEDHEAHLEHKIDTLVAR
1,TVLITGVSRGLGKALALEIAKRGHTVIGCSRSQENLNSLQA
1,ASDFGLMKIDGKGRILSFNEKPKGADLKAMAVDTTVIGLPR
1,SMSLTVNVAGEAKLRNLEMEKRDPRTVVAVILGGGAGTRLF
1,VAALVAEGRVPIGIGENTKIKNCIIDKNARIGKNVVIANSE
1,EAELKQIEEKLEKQKAQYVEKMKNKIALYHKAAEEKRAMIE
1,FDYEYSLWGLPEDSIERSKVKHEVHNRSARKLEELCFKNGG
1,ASPKCFASDPDQLKSAREDIKELLNTKFCHPILVRLGWHDA
1,ELKHAANAGLVNALKLLETIKDKYSGVTYADLFQLASATAI
1,PEKFVAAKYSSGKRELSDSMKQKIRAEYEAIGGSPDKPLQS
1,KTVAQIVLRWGIQRGTVVIPKSSKIERLKENIQVLDFELTK
1,TELFGTVSCLDDPVLKGLAEKYKKTVAQIVLRWGIQRGTVV
1,VKPAVNQIETHPYFQRDSLVKFCQKHGICVTAHTPLGGAVA
1,KPPRFYGQPLNCLKLWRAVTKLGGYDRVTGSKLWRQVGESF
1,SLKSIGSVKNKRPTELEYPVKAARTETAKQLMTHVADIGPP
1,SVLDKVIVNLDDRTQVAYGSKNEIIRFEETLYGSSRLKAGG
1,EKYTLRYTGGMVPDVNQIIVKEKGIFTNVTSPSSKAKLRLL
1,IACYVTVRGEKAMQLLESGLKVKEYELLRRNFSDTGCFGFG
1,RLTRAAKVLEQLSGQTPVFSKARYTVRSFGIRRNEKIACYV
1,YRVGRRRRCKSRVGIQHRVTKEDSMKWFQVKYEGVILNKSQ
1,RKRIHVRIEHVQPSRCTEDFKLRKKKNDQLKAEAKARGEVI
1,KKKNDQLKAEAKARGEVISTKRQPEGPKPGFMVEGATLETV
1,IKGSAYEESGRQWHAKDVGLKERACAWMPNGFMSVNTNLEA
1,WQSRWVLSDWKRIEGKAGTFKHTAGKWAADPDDKGIQTYND
1,KVIKALSGPKYDGKYLHDVVKEKLGEIKLHQTLTNVAIPTF
1,VAANNPTLIAIGEVTKQIMRKSADYFAIKQMDYGRLLVISL
1,KLRAGRGFSLEELKAAGIPKKLAPTIGIAVDHRRRNRSLEG
1,NYGWELNEKIDFNWKKLLHKKTEEILRLNGVYKRLLSNAGV
1,VLVFTSTFNPMKNTISGRQEKTIMKLLVDAETDKVLGASMC
1,NTKRLNLEPVGVELDKTGAVKVDEYSRTNIPSIWAIGDVTN
1,WLDNRHVVFGNVIDGMDVVRKLESQETSRSDIPRLPCRIVN
1,RVTGSGKIMRRRAGKQHLLGKKNTKRKLRLSKMLQVNRSDY
1,VCGTTPCMIRGSREIEDALLKHLGVKRNEVTKDGMFSVGEM
1,KLKERADQYGARGLVRTVESKEKIGGADDVFVGDIRDADSL
1,VSIQALQFEEAKFKAFDLASKPERVGTPTKDFKALFSQITT
1,FKPCTVLVTGAGGRTGQIVYKRLKERTDQYDTRGLVRREES
1,MFNQLLNFNRVHDYMTDLAAKHKTYRLLSPFRNEIYTSDPA
1,TQNVLGEKGRRIRELTSVVQKRFKFPEGNVELYAEKVNNRG
1,LVPLLCGRTLKGSIFGGIKVKSDLPFILHKCINKELKLDEL
1,HVSYYRNYGKTFKKPRRPYEKERLDAELKLVGEYGLRCKRE
1,VGESGMDSYHGRFSFDTFTHKKAVLYRGFIGDVSARYPPYT
1,YMPYWMMENLLLQEGDIVRVKNVTLPKGTYVRLQPHTKDFL
1,WGEVGAEYVVESMGVFTDKDKAAAHLKVVISAPSKDAPIFV
1,FITTDYMTYMFKYDSVHGQWKHHELKVKDSKTLLFGEKAVA
1,KFYEAFSKNLKLGIHEDSTNKTKLAELLRYHSTKSGDEMTS
1,DIYYITGESKKAVENSPFLEKLKKRGYEVLFMVDAIDEYAV
1,ISNASDALDKIRFESLTDKSKLDAQPELFIHIIPDKTNNTL
1,SPNTPGLRQLQGRKQLKDLVKKVQAARDEMQWGEEGPPPLL
1,GIVDSEDLPLNISREMLQQNKILKVIRKNLVKKCIELFFEI
1,KSRYCRGVPDPKIRIYDVGMKRKGVDEFPFCVHLVSWEKEN
1,SEALEAARIACNKYMTKFAGKDAFHLRVRVHPFHVLRINKM
1,AKSNSRSKRSRFDDEKPGLEKRIKGSAAFSRATLDTAGVGS
1,LGRYPSLGLGNSFAFKFADHKGRVHRLNFGTENLGELVSAV
1,FEDEYDDDEGRGGDDGLVAAKKMRRGGDGHEMYGYGSAGSG
1,GDLFDAYLKPYFLEAYRPLRKGDHFLVRGGMRSVEFKVIET
1,GLGFSGWTDSSPPKPRWDRAKNVDILRVELAETAAQLPLAW
1,HANGIPICLATGSHRRHFELKTQRHGELFSLMHHVVLGDDP
1,RFALENYKNLASRSLVEDVLKKVNGLKPIADELGVPLSQLA
1,LVDGSTPMARRGPGRPPKSAKTELGNRARGRPPRPKSLSLL
1,AYSNLPATHSTLLTHQLKRLKNTGQLVMVKHSYMLPRSVPH
1,RGRRPRADGLRKVNVGVLPGKRRGRRPIADGVKMPRQLTGK
1,IGPLKDRLDYFYNQGRDEYFKSRVQKYQSTVFRANMPPGPF
1,ELTGGYRVLSYLDPSEPNHAKLKQLMFFLLKSSRDRVIPEF
1,MKMIRCQATSIPADRVPDMAKRELMNWLLLGAISLPTAGML
1,LAFVERLFRPTYRKDDFVLGKKLGEGAFGVVYRASLAKKPS
1,YVKDELKNLKRELLRAQEEVKRIQSVPLVIGQFMEMVDQNN
1,AICQEAGMHAVRKNRYVILPKDFEKGYRTNVKKPDTDFDFY
1,VKVRVQTQPGFARGLADGLPKFVKSEGILGLYKGLVPLWGR
1,ADNLVSFLNNAKGATVGDAVKKFGLWGLFTRGLPIRIVMIG
1,LEESQEQIHKIRITLSSKNVKNLEKVCADLVRGAKDKRLRV
1,IPNRGERKNRKRCALLVRDSKKGLNPDSKGFVLYGGKRSLL
1,SWNRRIKRKSSDCEQGDSANKLPRGVRIPNRGERKNRKRCA
1,LEFVRPGRIDRRLYIGLPDAKQRVQMFGVHSAGKQLAEDVE
1,VGLGYDHNFVLDCEDEKMGLKHAAKVKDPSSSRVLNLWTNA
1,TVPTGEIMPVKGTPFDFTAEKKIGSSIHEVGLGYDHNFVLD
1,SDPGLTAAVIARSAGVGENYKKLCTCDGTTIWEATDKDFVT
1,TWLQCDAPCIKCTRAPHALYKPNKNLVRCDDPLCASLHWPA
1,GLSKAGKFMGRTLTGQSSTAKKSDSTTPVSSAQENGSEKQL
1,GCHTNYSTKSMREDGGFEVIKKAILNLSLRHKEHISAYGEG
1,NNILVICDTYTPQGEPIPTNKRYKAAEIFSNKKVVDEIPWY
1,ESKVFYLKMKGDYHRYLAEFKTGSERKEDAESTLLAYKSAE
1,SCITTPLDTIKTRLQVMGHEKRHTIRQVVKGLVVDDGWKGL
1,YQSDLTIDLSKHHVPKTFLDKVAYRTVKILRIPTDIFFQRR
1,GCPPSKFPWTYSSKETCYLLKGKVKVYPDGSDEAVEIGAGD
1,GNSAFRDYYYVNLRKITVGGKHVKVPHSFLVPGSDGNGGTI
1,PSGIAGFGRGPESLPAQMGLKKFSYCLVSHRFDDTPVSSDL
1,VFQIEYAAKAVDNSGTVIGIKCKDGIVLGVEKLIESKMMLP
1,LKNKAVEVEKKEAEIKHLEEKVAKREQAYEKKLEKFKEKEK
1,LHAADAKLAEVSRKSSEIERKSHEVGVRENAIRRERLSFNT
1,LNMVEIQKLLDEHKTILDAKKHEFELEMEQKSKVFDEDLKN
1,WMYSKKKKSLPEDRESDEFLKKNSEAKETKGTIKFQSRHSQ
1,IGQDRGALVEFYAPWCGHCKKLAPEYEKLGASFKKAKSVLI
1,KYGVSGYPTIQWFPKGSLEPKKYEGARTLEALVEFVNSEGG
1,GIVEHLDTLVKEFVSAGNDEKKAVYGKIEEEVEKLKGSPAR
1,APEYEKLGASFKKAKSVLIGKVDCDEHKSVCSKYGVSGYPT
1,LGLHTTTLILVKGALDARGSKLMPDKKDFGYSFPCDGPGRG
1,HMYRTNWGIGHGLKDILEAHKGPFTGQGHKGLYEILTTSWH
1,AVNQVECHPCWQQSKLHEFCKAKGVHLSGYSPLGSPGTTWL
1,MEALYDSGKARAIGVSNFSSKKLGDLLEVARVPPAVNQVEC
1,IVMKYYEGSVGDKMGSLKGGKLSLHNILRYGMDLAQGIMEL
1,TAPYGSWKSPITADLVSGSEKRLEGFSLLHSQNRLIWLESR
1,MKSDWKQTITRKIADTGAVLKKHAINVHHRIRGPWKRLKES
1,GGGRSSARETIGRVAAGAVAKKILKLFSGTEILAYVSQVHK
1,RIAFKPTSTIGKKQHTVTRDKHATELIARGRHDPCVVPRAV
1,RLEELPEKSAGGVLLPKSAVKFERYLMGEILSIGAEVEQVE
1,FFNPASAKVFSRFENIKKALKNYTIEATPDDRSSVLQQGGM
1,VGGLSREGKVNEAIKFFHDLKRLGVRPNAITYNAVMLGLCK
1,PYPSGDPVNKFNDKVMKFIIKNEREIDTRYVPNKLIKYPYP
1,PKYSHDEAMQNVRDLYQESLKKYRRAVTTTESVDNNEQDIN
1,QSQLWDRYSAYEHWAKIEVPKDKDELATLQARLRKRFPVDA
1,AKEHGDIKLAQICGTIASDEKRHETAYTKIVEKLFEIDPDG
1,TKFQPHLVWTLEQVKKNIEDKTHQHLDARSKTRFDGVAPEP
1,GWFSEISPMWPGEAHSLKVEKILFQGKSEYQNVMVFQSSTY
1,SALEPAISGEIMQLHHQKHHKTYVTNYNKALEQLDDAMAKG
1,ITERDYLRKIIVQGRSSKSTKVGDIMTEENKLITVTPNTKV
1,RARPLIPGPAPPKGPIIEHQKKIGLWAVKLPSADSVVVRRT
1,LEQKVTSLNGRVESATIPAAKKADLKAKVSVLQNQVIKAKK
1,FCISRVNVGLDTTTMREAVVKVMDEKGIAVMVFSTDETANK
1,TFTGSTAVGKKLMAGAAGTVKKVSLELGGNAPCIIFDDADL
1,GGPPVTSPRVQLSDGRHLAYKEKGVPKEEAKYKIIVIHGFD
1,LGIYFLLFDRAGYGESDPHPKRSVKGEALDIQELADKLDIG
1,VHDGWGVAVLVGVPHKDAVFKTHPVNFLNERTLKGTFFGNY
1,SNMCDLLRINTDRGVMIHDQKSRFSIKGKPIFHFVGTSTFS
1,NKVEWGIDLASEHERYLTEVKFKSPVIVYNYPKGIKAFYMK
1,MGLPLEPYEWYLDLRRYGTVKHSGFGLGFERMILFATGLDN
1,ITDAETGKKKLKIDAWFGSRKTTAAIRTALSHVDNLIKGVT
0,WTLWSVVIAFFVIALPIIIAKYLPKHKPRPSPPDNYTLALH
0,DVVLLDIKFALKYFGRRSLQKQGRAAHVLLRYELTYTTFSA
0,QGIMHRDVKPHNVMIDHELRKLRLIDWGLAEFYHPGKEYNV
0,TTMYSAETAESRNYPTPREGKFQQVGRSQSCVNYNRWGAVQ
0,NSPYHLGIDSTENQKRRRRRKKAEKKKEEEEEGKKKKRGKK
0,SGIVSINADGSWVSTGGNSHKTEQYPDPVAEAKRQVSILES
0,GYSSQSSALTDDEARDGHSSKNMIEKTIRAVYAQEKAEHPS
0,SLSSSFSRSSCLSKPPSSRSKSKRSVRFYPVTVIVDEDSRP
0,NIGENVHKQVIDTWLLPILVKIVKKKTDLPIREKIFLLLDA
0,PLTYDAGQSANEVHRLGGASKEKPGIFVCHALIFGDTVFPQ
0,FGFLHIKAIDDAGHDKASIFKVKGLEAVDRAIGQLARLLWQ
0,ETPVNGGEGHSAYGGRVITVKWGEHIRRIGIDGTADAIKEA
0,PSVSNHGRALSRSCSPNGTPKRVRKGRGFTEQYSFARRYRT
0,QILSGGSCEDVVESIHSALMKVQEDMRNGQIALEKYVITKS
0,GETICDMFAGIGPFAIPAAQKGCLVYANDLNPDSVHYLEIN
0,LSGGEKTLSSLALVFALHHYKPTPLYVMDEIDAALDFKNVS
0,IFKTFVKKMHADQDFCEDPRKYNNHVGPLERSKPRIPIEDL
0,RQRHDGDLMEKNRLSRMLEHKIQFQERVMNCRQEEYDRLRA
0,VSGSASNLTHIDVKVEELQSKAQDYEITDLKPFFSSTLFSR
0,NFETVSYTTPLPEIESSSSTKNFTAFESRKSLVKGIMEALD
0,VVVGNSLSGQDISMELVDVAKEIYLSSKSLDVSEGLSKVIS
0,GFQNNDLEGIVFDDVPEALEKWHACGIKVYIYSSGSRLAQR
0,HAIADSSPAQSPSPSPPRDPKPSLPSARSPAESSVSSDLSH
0,GEPTDEAAVQEVIDEESVDEKVVSDEMNQMENDVMVSAGEH
0,SSPEIEICIPSSLPILSWTEKLKIALSMENIFPPYKPLPPP
0,LSEVQGRNGDERSDKANPSVKSLVIDLPGKVNKETSNLYFL
0,EKTQEEGLCLFPSEVNNDCDKSQYRLGSTLYFEFHGATSQS
0,SSPSDLRRVNRHSVMAFASLKKETSSLGARVTEGQGNLPKV
0,SLIEPYGTGIVPTQNDRSEQKCDLRESSLAKVGSQRRNASN
0,AVEAFKAAVVAGVEEVREIGKELREIGKEALEAVEEKALMP
0,SNCSNRAQDRTCGAHSRPYGKQGRLTGAFCNKGTCGPHIQN
0,LQMVLMNTDVLEGWLRENEEKLLNSRNVDIDDAFQPCDVLS
0,AKLVVGADGSKSRVRELAGFKTTGWKYSQNGVICTVEHAVE
0,ELEAVKLSGESDMLLAEVEVKRQELRDARLLVEDVTQQLKR
0,PEDWSFTFYEGLNRHPDSIFKDKTVAELGCGNGWISIALAE
0,RKEKERKRKRIEEPRQQQRGKEEKLRAGKEKEVPFGAMDEN
0,TIVFQLLIPAIFLLFGLVLLKLKPHPDQQSITFTTSYFNPL
0,ENVLVRSDGHIMLTDFDLSLKCDSSTSTPQIFSRQNPLAPP
0,PKPSPPIPKTSFQKKQTPLTKKKPTLIPSRPGLVSDEQRNP
0,DRMTHQLKRGRKGRAHYIALKTTIEVVEHCDCDYDYDYDCD
0,IEEENQGNTVVKTSKKKKIYKKRKVQSETEVITSGVQDSNQ
0,WFPNPDTVLIIQTPLGVFSTKNLLQDKKGSGSRLISSNRLK
0,NCKLFGIPLNPVTVEPTVSHKNSALPAGHMNLVSHSQQSRS
0,AQSSSRRSKWQFMGARDAGAKEELRQVYGVSERTESDGAAN
0,EKTWRIKQEAIAREVDILSSKNQYDIVLPDLGPYTLDFTSS
0,EVEPSTNQTYGSLLKNLTFIKTFASGILVPKTYIWPVDASQ
0,EPSDASMEVVIVDRYGDTRLKELEDKAQELYFATENTLVLV
0,KVKPHPVVVNILTKVEEIIPKWKIVPTKDVIDSAFKDPVKR
0,SAAVAHLFPNSSSSSRQPDHKIIDHQNAVKEESFSNMFCAI
0,SEIESVSPERSSERQKERERKGEREGRTCSTTTTTLLFANM
0,SLMDGILTTEEFREDELVSLKIEHELLKEKYENHPEVLRTK
0,THVGSSSRAPVPDDDDDVESKAEAEAESESSEEETGGGSSS
0,LFIAHISGMDTLARGLRNVAKLIEDGSLAELVRKRYQSFDT
0,LGSLPTTSRSGSTSHGSNVAKLQRRPQLRRLVLNATKGIRS
0,SYFEEEGSSVEQRRAFLNEFKNSGGHHQLDYVNNGSNSKVT
0,IIGSGPAGYTAAIYAARANLKPVVFEGYQIGGVPGGQLMTT
0,SKDNPNGRREKIDGSSSINQKKIKKKNVMRLGGGGLSLETF
0,EPGISWFEVKNQVHQFCMGDKSHPQSMEIDMYLKELTWEMK
0,KFIGSTLVSDSFSKPASVRPKISSTLLPPLCISQSKCLRDM
0,DDDEEGPRGGDLDLDDDDIEKGDDWEHEEIFTDDDEAVGND
0,EEWPQKEQEIEKVQEEEEQQKPLEPSSTTGWELVLAEVATT
0,PLIYDTSARTGNRTLECQTQKSGHARAQGGLLELQDTRIKY
0,IVLVLLVHHMEMELAMALSAKDVTPPLVPTTMKKTISPKWR
0,SSLQQLDPHGKLSNGLVSTHKNSNDNVSCLLTMGISNSKSD
0,FTKVQEENEKLKKQVDKLKRKHKMEMITMKQYLQESRLPES
0,KPPKEYLESKSSVKENSNDSKNNNDSKKSKDSSEEGAWGEE
0,PDSTELQDPPSAALQILGDTKRLTVVLDLDETLVCAYETSS
0,DDEHDDHSNLEMHESAISMDKKSKSNARNSLSTNEDYANEV
0,VRYVVNSISRFIHLVSCQTIKAMPTQKSYKNVASLLKLLKP
0,KTLNHDGLQGHKEWLFLAVLKCHLIGQAEVSFLSDLIHPNL
0,KGQTNWTPILLLVPLVLGLDKINRKYIPLLSATFMFPHSLV
0,IIEIVNRIASVGDSCIGSSGKVNGSTAMEMDSEDKENEAPR
0,VLGTNCPIPSGWNWTYQFQVKDQIGSFFYFPSLNFQRAAGG
0,QMMRYGTDQSDDGHLFRATDKDFSDASSAKKARVVWTVDLH
0,LVLSEPSLSMNIGNRFETVSKLNYPDEFLTSISCSYSITYG
0,PPPPPPSVFQNMFSSKKGKSKKILTIPPPPPPPPPPSKTTI
0,AQLVIRPAGSGKSTYCSSLYKHCETMRRTNHIVNLDPAAES
0,SPSSTNYSSNQTAFAHPISPKPISISWNPHSSLPSSHKSSL
0,EAFHFPGNTALFYQEFPASLKSTSTAMVAMFIGIAYYVSTA
0,SIADVASGSEDSASEAETQVKEEEIRGDVNVVSVDGNVEES
0,LCYLHCFCSPTVLVGDLLPEKIVIDGEDEPRLRLCIPGIMC
0,FAHLDASGRRVDLNERPELSKGSVEFIAPAEYMVRPPMPPR
0,VTIRWDIGLNKKRIAYFVFPKEDNELRLVPGDELRLRYSGD
0,RNTHCGVHINAGAEIGVASTKAYTSQIVVMAMLALAIGGDA
0,NNRPATEAVPYFEQSIIFNIKHTSFFFLTRWKLSDSMLVCG
0,ETRPSCESHTCSPSEHLLHEKSIMKSQRNVLLIFSALIFYW
0,QICEVGKDDSVDGGSDWVPGKRHLDEDDASVSWRKRKKHFF
0,AYSESVAEEHARRSTTSVDFKISKLLQERSTTLPVAAADED
0,QKQTQSSPETALGGGGGDIGKGLSHGGGDGGDDNGDDDDYF
0,NTLTRLGMVREAVDDTAGAAKFVAFQKLKDTGAVASSTAAS
0,PDSNPDDHSDSALFGGVDSQKNEENDAFNSSHWSSMGWDSR
0,HNRRVTDDNMNKPVNKALVEKWKNADALYATPTGSNDDWYW
0,LRNAYKDSEVMDSNTNAIQTKLHDIKIEGMQELEAVTSEMV
0,FAAPYDGVYWDPPSSERYQFKFPRPPKPEAPRIYEAHVGMS
0,PEQVVFSEGWVPQQQVMVPEKIPRFKDCYMCEKELPHAHSD
0,FLTNSTITGPTSLQDRVVIIKVLRTHKKEWQQGRTGTTLPV
0,VGILCAHVMVALRPTILDAVKMLEGDIEVPAIPDGPMPLGH
0,DPTMNQPILNELKNQCPSQLKSGQSDPLVYLNPDSGPNYKF
0,TGVGFFSLILFGDPLAPGLAKFGMTPLLAAVYVGAMQNIFS
0,HILRIRNALDIVPKVPFIGYKNVGEKLAINTTKSEYLKRPG
0,TWLCITRRGYREASERVPSTKDASEVGQLGNNHELLEPGES
0,NGFHGDAAPKFASDPPLKVKKLSEKAVLPSRASPLSVGYDL
0,QVEDGPCVTYIGEGGSGNFVKMVHNGIEYGDMQLISEAYDV
0,IDLTVLKTTHTCKFGSHWNVKIQYQIHPLWQVLTPWTLVLD
0,GKNKKEKGGISLVDIAYRRAKAVKAVKKAADAGKIVKKTVK
0,PVMYSPSRYVSSLSAYVFHGKSSRSDLLLGRNVSYNVGSQF
0,HRLNAVVASMHGGLNDNLSTKPNDVKLSITSMGQFAASNKS
0,NASLRKQVNSVMRCALNTPDKSEKDDDEDEEEAPSRKTVLS
0,LFTIILNQEIRRLSREVIRVKWSLHAREEIVFELLQHLRGN
0,AASTGEDDFLPAWKECSDDLKESLRSTVLPIGSLSVGLCRH
0,SQRITSDVILLYWSCGLVLDKQFSWPFQLPISLPEILRWIT
0,PLIVSTISKSTSEPAVASREKPLQNSPSKPPPLSLLRVSTN
0,THNVPDIDIPYDGEILEQHGKKASQGSKDPGNLILDREPCI
0,LSLIVFHPVVMLPSTVRTINKLVIAPTIASIFATKYRICLT
0,SLQDDNEALLKQIRELKSKLKEEENTESNVSVKEELIPSDS
0,DSSDEADEDDAEDGEAEGMRKEAATDPKSRTLNEQIDLTQD
0,KVKMLRRRSSGVHAETFPTIKCEEVEMSHDEIQGRLYMGRE
0,PSIPEKELLIPLKAVLLDIGKERKEAWNSWVQSYIEELSGS
0,DSDSDSHSSSSSTLRILLVVKESFVEDPQNALKDWSEANPS
0,CLKHLVKIKTVDLSEASGFPKFDLMLLGMGPDGHVASLFPG
0,GDAVGGGGDNNNSSMSFAEAKKLMRLVNVEALKMKLGGEEK
0,NLQESLSNFEEERMSILEHLKVLEEKLFTLDDEEEQQFEDV
0,LFLSGFSNLISFPQGGLPGLKLTNFRIRQCKKLESLPEGMH
0,GTAISVFLGRGLVTLNFLQEKKEADFRFGLVRLRENAESIA
0,LDALYEKVKPKGVTMTALLAKAAAMALAQHPIVNTTCKDGK
0,IVLTAIRSITDLFFIVNIVVKFRTAYVAPSSRVFGRGELVI
0,FLSGLREAANMAHYATVRALKQKVEKSPSKNAHSCASLLAD
0,DNNQTPIPDEEDDKSKKVAAKKARVDEKSSKWSCLDSCCWL
0,SLHCIEEENQGNTVVKTSKKKKIYKKRKVQSETEVITSGVQ
0,FPELDYSIDHHQHQHQHLMMKPRIGETSGDNSNQMVDYMLN
0,NLPLSAQHSNIVGKKTTLTTKLLVNSHKRRGPTTNTQSKRQ
0,EQFRILRQKGTEYPGTGVYDKFFGEGVYTCAGCGTPLYRST
0,DMIARELLEKSRITGLEIEEKIKGFSPIMFEDFVKPFQINL
0,REPNLNLKGYLLNAYIHPIFKASDDDDEDEEINEKWDQESV
0,ELPPSIGQITALGTFRVFTNKLNGTLPPEIGLHSKLQYFEI
0,SSDESDSYSASEDNRDSPKNKQKLELPSDDSEDDDYDPDAP
0,PASIYSLTAIAMIISVTLYEKTLLPLLRRVTGNERGIKILQ
0,SARSEDQSIQAARAAGSTLEKATDSTGIHGSASSGLTGITV
0,TQVDFTDLTQPHTWYPCARRKSRNVVLHVGPTNSGKTHHAL
0,TEGDDQSPNGSDMSCSQETSKYNSVTSQSHARVEELNDDLP
0,IGGFFIVVGLYLVTWASYREKQAAMVIVPHDSQPTDLLIER
0,AVCSGCIMFSQQFHAWAHSTKSRLPPPVLALQHAGVLVSRS
0,DSCFINKLGNSLYQPPRLILKPLMENISDDAPRHLILLDIE
0,LPLRVIIHGHHPDDKTTDGDKTGKLIHLPDSVEDLLSLAEK
0,NYLRLASRLDAVVARLDTQAKMTTISKSMSSIVKSLESTLA
0,NAATEAACLILSVDETVKNPKSESAQGDAAASAMGGRGRGG
0,AGKDHVHQLRLLIESSLNVQKHSLYLAVDTQVAISYLSLMF
0,SGSLMHDLIGDSDIHLDVPVKPRKGHLLVLENLNAIKLNHG
0,KYEPDKVGAVGTLAVNAGDVKLRAYMTNATFVSGPSLNGLS
0,RALSSGQVVQIHPSSVFFRTKPDCIIFDEFVRTTHNYVRNV
0,STPSLSPVASPVGQTPVPSPKSASPSSSTPSPSPSPVVSTA
0,CYGLLAAQVACVISIFIVIYKMDWDKESLKAKDLVGESCAF
0,CIDFHPHEFLLATGSADRTVKFWDLETFELIGSAGPETTGV
0,KDAPGGMVEFRRSLTLSFFFKFFLWVSHQMEGKSSFTESVS
0,DQQMRGGGKTRIEHKNDGLVKTFKEEVPAVSCVEEVTEVKR
0,DDDRYLNLGSSGGGVESGSDKNCEDDQSENDVSQATKPSTA
0,HYSEDIDNFLRVSFVDEEWGKLFSTDLSPRASSSNEDRRTS
0,ASWVLSIVLVCTVDARFVVEKESISVLSPLELRSKRDGAIG
0,YQPKEVEEVKVVKKTDGDRMKEYQAAAKRLDGAKLVLKRFG
0,NGSVLSSLPPVLPIGPFEPYKFKKGDYLSWVDDQSVGSVVY
0,WHEIRSEELHNEVCQVLHGYKQMLRDGAWDQCMSALETPVK
0,DEVADAIKGRGQHRVLAGRIKEFLDRVVRDHGSLNLEWLRD
0,GNRQVFSDAASELGNELVQRKMDLVYGGGSVGLMGLISQRV
0,RAGQIGVLDSRRAEVLDAAAKCIQGRLRTFVAHRDFVSTRV
0,LTRLRQQMVSNMVLYQYALNKGLQSYIQADRFAPSRWAAPG
0,WGFLIGTIASSLGFIALALGKPFYVIRPLGTSPITRVAQVI
0,SIKRPPCTFPSHSEDCPYSYKLDCVSDGPVFVILMENDKMS
0,SNITGESGIEVLEISTVSPDKELAHPCSSPDVEEAGRKPTI
0,DAEALNPATTSTTSSSYSYGKQIARAARLALIAEEVGCFDA
0,DPSANQYNGRSLGFRWLQNPKTIWHGQSYTFTLERLAGPKS
0,CPLHVELWLALARLETYDNAKKVLNKARERLSKEPAIWITA
0,QAYDPNATAPPGYSYRFPGDKDEKRTKDERGGRILRNDKGC
0,KLEGTIPVSNGTTPGLDMLVKTMHFHFGKNNLSGEIPPKLF
0,SLTRVAVYISLLALFCLGGNKVKAGELSAGIVVSFIGYTFT
0,TIPPNATLQFDVELLSWTSVKDICKDGGIIKKILNEGEQWQ
0,EEACLFAMQLASISVLPMVLKSAIELDLLETISKLASPGGY
0,AGSWVGPYAMCCTWESLVRFKREESELEDQSFPMAIYVVSG
0,DIYDEAYFISTLENDVRIVDKIPEYVMERFDHNLSNVYNFR
0,DEETSCVTGLDSPGTRVWDGKNNRNISVTHIHHPLESYEGR
0,MVKKREVLQNEAENLSARLRKPQKLGLLFGDLPGKAKGLRD
0,SVETTVRALMVSAREDDDDSKIRVSERELLKGVAENPPVLF
0,SQCLFGFDFSDLSNSNGRVRKIVICVVVMGCGFVLFLGCGG
0,DFMGTSVICRSGSPLILADLKKVSVSKARAIIVLASDENAD
0,CNSPGMLLFEYLEQEQPYNRKPLIDKASSLLGDYCIQADVH
0,LFCIYINWNCKSAMCIPCSLKKQNASDEIIYFKVMAMEPSD
0,REVESRGDQVEIARFMRDAVKSQLNKCHEEAKTSFLTVAGP
0,YLTRLIPAPPMSEKKGLKKAKSARVSPVSRRKTSFSAGERS
0,HPFIGGLDIVDSNGASGSNPKDTYIPVNFLKSFPELSYAQI
0,AACSEKLKRTMSASGLGRGRKRKNAAGHRSDPGWEHGIEVD
0,ITGRPPNIGGLPGTYPSRAAKLELLGQVGEPSTLASQSQSA
0,IYLRFQSFNSASELENSINEKCPVKIDIGPVYNVDPAKRHA
0,FHSIDIAEQLDALGRAVDAGKIRYVGLSNETPYGVMKFLHY
0,NECLLLKWWWRYGSEDTALWKVVICSSLSTEKEDTLQQMCA
0,EEEAVDLLTSYLIEDDTFNLKRDDKFLRDTVLNLMLAGRDT
0,LEWRFNSFTGKSLKISTPNLKYFTWKGNPTNDNCLGNLMNL
0,VKNEEAAEKEKSSNKIGEEAKDKAYQAAQEAKEQVSQKAHE
0,YDYRSWPSEALSLKFKLQCRKGVRNNCCKSTEIKGWRHDLK
0,NTQAGFNGSESRNCSTNSLDKTLVNGTIILCNQLIGSLYGA
0,FSNETSITPMKTISGNVTSTKPISLSKASKILSNFVTAETG
0,PTIFSANPPFEGSPGLVTNGKASNAPSPASQRNGSVLHRSP
0,LYFLVLAMQPRMLLTVDENLKPLSVPVRVGQAVDVVGQAGR
0,VELQEEDKESLQQSTLKGGAKRKRAVSGDQKSKLSRSEENS
0,DQHILLPNRDGLEIALLGDLKYLAVRLLVNALDMHRDPKVW
0,FLHRILSAAAWVSGEYVMYSKNTIELMEALLQPRTSLLPPS
0,AKRITNCVQVNEILTDAALLKRQKLEIEDLRNKLQGSRAEV
0,RVEEDGARAKAKSSATAVPEKKTSAKVNAVDRQNRNGRGRR
0,TNVKDLMRDKLLEKKKGNLSKEVGELYHPNLPWKRNWCPDS
0,SVRLQSFTESIPGRVEHPPLKRFLLVPSDFVGSCRQLKLEL
0,GMCIHLCGEQASSERREHLMKCAGSIQESNNMKTWFDCTCV
0,VSGDAELCNVNSDILEEDDGKKGCKIFWSLRGVAFGCFVEH
0,TVLIIIGLLYGAYRYHRRKSKLPESPKDNSEEDTFLESLSG
0,ELFDIAQSNSEHSRHWFFTGKIIIDGQPMTRTLMQIVKSTL
0,ISSTRFCFSSSFTLTTTIFPKSPSFFSSYLRSASTSSTPSI
0,FKMSESDCGSARVQVAQLTTKIKHLSTALHKKDKHSRKGLQ
0,FFRFNAMLFKSNYDSEILHLKESLQTLELGCKELRARGIFY
0,EIRKNLSEFRRRSAVPTPGDKSSSSSSPPLPPSQPISFQEL
0,SYIRDLSDDHGDHPRPLPTIKELKNATDITERKGAASWDYD
0,QIDNLVDLAPSSSSPTQETAKEGRVNLISENLGSSSANANA
0,YNETVRDLLSPGRPLVLREDKQVMDLLLRGNQNRTTEPTRV
0,RLKEKEKGLEAKLKSSKENEKAIKAEEKRLVVEKKQILSDK
0,QILMYAKMDTSHGNDIKPPSKKKKKKDTTCNHHKRVNKREK
0,MFDAYNNNFTAPLPPGILSLKKIKYMDLGGNYFYGEIPGSY
0,YSKWKHISLAHFEKEKLMKKKLKKKKKLKLKKKLKKKKKKK
0,RKLTGSPLTPMLQVVVAAIRKRNLPRVSDPAELYEVPKLQK
0,SSSSSPPLPPSQPISFQELYKRNVISKGENSTNEASLRGRY
0,AIAILMKDKGEVVAVDRSHNKVLDIQKLAAEMGLNCITTYK
0,QPTTTTTVTTFTPISTKTPPKPRSESRSTASWIEALRSQTR
0,EHHFSSSRLPLVLSEKASRSKALVECEGESIDLSGDVGAVG
0,LFTLLSVYKEWECMPRGSQNKWCWENSVNAKSMRRCYDAVL
0,RRCISEDPDNNLSSSSEFPGKSIILKNEYSSSKIRATLEIL
0,AEMAGDIEVVVSEPVEAFHAKMPLEKVLAKAPQLDRNTKYV
0,DDQAQVDTSLDLSSAKPNQRKKQNRRKKRKLSDSSVTSLVS
0,VAECPNGSLSPLDTLDLSSNKLEGLIPTFLFDFRRINTLSL
0,LSSASESEDVGTTTPLHDAAKSGNTQKVLELLEQGLGSLQF
0,ALSVVPRATSPSSSSSSSAPKTRKDHNQNRKDDDDDDDDDD
0,LYKEKSEYQEILVFECSTYGKVLVLDGIVQLTEKDECAYQE
0,LFYSSLRRFLSPPPHPTFPTKDSHNILRVASLSWPLSVPSR
0,THLGVEDEIRCPCVDCINGTKYSRQVVWMYLIRRGMPSSYI
0,SLNAHQQERFGPFQLENTLVKERIRQTDAVAMSQSCTRHQA
0,LAREKEAEERRKRREKEFESKGRRSDSADRDRHRDRDQDKE
0,IYPSNPTKTAKIGSQLGPQDKVDLTTLLTEHKDVFAWTHAD
0,EAAFSVLHEGLNMETYWNNLKNSWIWEELYRARNYRPAFEH
0,KFTDIEEDFVRSFCSCPLLVKTDEDERPVKRNISMPCKNNA
0,TYTYRPLISGLCSIGRVSEAKEFMDDLHKEHNKLNEMCFSA
0,STGQAPGEDSEVILYPQAIYKDPFRRGNNILVMCDAYTPGG
0,TSSAAAARTSDVGMVTTTTPKTATATPSPVNFIQRTAIPYD
0,LSVAGLYSIITSLLSVFALLKPRCSSKLLFHFIIFDQLMLG
0,DDNSYTPQIGEQVHVEGLGNKLATVVQALDDDNTVLVQYGK
0,SCSQMILQLHDVYDPNKINVKIKIVSGSPCGAVAGEAKRAQ
0,YLVAQYARHEMRRMEAELELKKKAEEEAKAREIELNASKEK
0,RTLICHGRFKKIKKQSYKIEKKGNFPVLSSMVANPAGELAI
0,LTAFDDELTEGHELGSGLVGKAQGFYVASSEDGSSQTMVFT
0,YSEACSILTIMNGPWIEQPSKVWSSGDNWGSVMGLLGASRC
0,IPSLSHRRPSSSVVAVSDVVKEKKPKSTTSISNLLITKDEG
0,RILVGHALRNDLRALLLSHSKKDLRDTSEYQPFLNREGRSK
0,TKASLLKSPSASPKVSSSSVKASPAVSPSASPTKASISSAK
0,NATCGNATELIIAIFALYQRKIHVVKYSLLGSILSNLLLVL
0,LLSTPAVSAVIRERVGSDGSKASGSFILTASHNPGGPNEDF
0,KPCSHLPQNLPQMNDSDFATKFSNKIRSLASTKYPCNVPKK
0,GSFSEQGLGKTTVFEPMEDIKTATKENTSTTNMQDNNEAKG
0,FNKSGQAQNLDLSKLPSLPSKRKPRQIPRLEITVSLITVSI
0,QTGPNQFSLQSQASAQQHHLKMPPVGAQQGMAPQSFAQLHR
0,AFLLPSIEVVVNSPPVDRDQKRPPILVLVICPTRELASQAA
0,KATSRLSLMRGSSKASSSSKKTSVGGGGLGVDYISDSSNFG
0,YGSIDSHGISSDRNRGPRASKPKGKSFIEDSSPSGTSKNGA
0,GKKAIVNFPNEDDNYIPPTTKRNPNPPPHQTHRGFGDDLNQ
0,NQQQMLSFIVMAMQSPGLLIKLLQPKENNWRMAESNMSVLK
0,AKKQQKKLAKEIKRPGETIIKGHRSYDLMLSLQLGIRYTVG
0,GLPLMVTLALNYWNKKALSGKATTQDFLACITMGLVTTICT
0,VVRVDPPICDRAVQIILGLLKKLNEMEAQLKRRTRREETMD
0,IVSAVLPGLRPPPCPTQVDCKEATIFQLSILNISLLLTSLG
0,ALEFGRAANQNQRGVMLDWVKKLHQEGKLNVLVDKDLKGKF
0,NANLRTNVDEDSESETPLTDKISSFNHEHISDDDADLIIAT
0,GGIGVGGSGGKGARGIFNIGKAHVTKVDKNAKNKMLLAVTE
0,MYSKWKHISLAHFEKEKLMKKKLKKKKKLKLKKKLKKKKKK
0,CVGPNLGKNGFLQSVTAAVWKTRQPDNTLPPPNKDASTNNN
0,KVMVVSLVAVVIGLVMQPCLKQVERKRWLRFSKSSDLPDLC
0,EQIWGFQYWNLWIREQGSVEKYSIFGVSMNSRMNSGKGFLV
0,STLSPDEWEVAYLYLSFVLRKRGQPEQPRVNGKRDKGKMHL
0,EGTRFNTGISAMMEFINAAYKHPIDKLIVLEGLFAVKWDKL
0,MMMDGGEYSADYLSRSNSVSKKKRNKNQRRFSDDQIRSLET
0,FALHTGDGRVVWSRLLHSLRKSEGCDYPNGLNIYQWQIPHH
0,ELLADMDNQIIKAKEEALSRKEILDKVEKWMSACEEESWLE
0,KPTINGGKSITIKTKKNQKKKKKLFMDGSEATSSSTSSVCS
0,VTLTVVRFLAFNGEGDDEMEKKLDDGLVTAFWVKNEGNNRV
0,ELSKKDLNQLQVKLKESLSGKKFLIVLDDVWNENYDSWDSL
0,EMPERDVFVWTMMVSVNMYAKYGSLNKSLLVFFKLRGKNLF
0,KIGMQKTKAILPVVIIVLISKVGLFAFLTFQPNNQNIYKQS
0,FDKNGPAAIAKYEAECLTKEKEDGFQKRNSQNILQELQDAT
0,KMLSTHVALRDNNSFSSRMRKSMATGVKLSTHDFIHTAENK
0,DLPAHKVMVATVRCEEISSEKLSSFVSNEEWCQLDEVVQNQ
0,IEPDNHSNSMMALDLDSGEIKWYRQLGGYDVWFVACSSGSN
0,HAHQESTNQTMLMPCTTFIMKESLKWLLCPPTPEWKRSSDL
0,SSFMSVNISMLDSIACFYAPKGYDLINQTSTIRANSHVFSN
0,NEGDTSPDYLPQTSPRSKKKKLGSSSKIPISGSDKLHSPLN
0,LPPSPPPPPTFSPDSRMFEDKQRMFEDKQRVEIAQEEIVEV
0,NVSNDRLQHVSTLNFGDPFRKHEMRCRFKLKPPWPWFAMMI
0,FSKPLSPHSLTHLRHFHCLAKATDPHHHHHDHHHGHNHHHH
0,MLILTLTAAISILHPLHCESKESSSCKGPTPWQMAFLLSGF
0,ASSCDACGYRNSEPGGRIPEKGKKITVFVKNINDLSRDVIK
0,LNSAEKNAVNIMHTFLEPFHKTTNDICTNKVPTIGLVVFFM
0,NATMNIRFSDESRLRSDVDPKDVPSTELSLSQPGICSNELR
0,TDSSYPVASISNSLPSSATVKPVTGASPQFGVWIAPSSEST
0,DNIVTCSRDGSAIIWVPRSRKSHGKTVRWTRAYHLKVPPPP
0,MFIACRGIPVLVGFLEADYAKFREMVHLAIDGMWQVFKLQR
0,LASGGHFAGCVFDGNSVVAHKTFHRYVVRAKAGKKQSSKDA
0,GGRYNIEWGHVGLEVGQGEVKGLKMPFVYQNLESTSWTHVK
0,VAWDTLTWFAALIAMAGYLNKYGLISWFSQTVVKFVGGLGL
0,LLTCQLPIESQVIGDPSLTLKQRALVSEAARALDKAKMMRF
0,FFSGNGVHIYDYQLALQRYVKRDAGNAAAGWTHTLNLWCLN
0,SYFQSIPGIQMVACSTPYNAKGLMKAAIRSENPVILFEHVL
0,GFAYLSQLQYLNLSHNDLSGKVPCSVYSIKDLDLSYNPLNG
0,EFSLAPLNTDSLSVRFKPSDKYNGTFAFVNGIELIPSPNLF
0,FAISMGLPGPTNLSSTESLEKWIKWKENGCQPNFRKNVLPI
0,LSLSDPKSQTQTPTGITTSEKEKMDKENTHRQSSELEEKNE
0,LDNGLLVDPHDQHSIADALLKLVADKQLWARCRQNGLENIH
0,VGSHCDDNEDDSTSYTSSPTKLQEESITILEDLHQNSMEIN
0,CGTVGSGKSSLFSSILGEMTKLSGTVKISGTKAYVPQSPWI
0,WQKETFPSVEIDTSQPPYVFKCQLYDLTGVPPERQKIMVKG
0,KKQSNLRFLVLVNPLGEVMEKLQCGDEAHDVFSRPDCLFLT
0,DCMVDPRTCINVTPCIVQLEKTISKVSPGSSNASGSSSSKE
0,VIFVTVFIAAICCVIGCRRLKTIISVGNVETETKSPPELIH
0,TLVGIHTVIDCATGRPEEPIKTVDWEGNCVRFSHLGRSKMS
0,QRLGVYTVIDYANILDFLVDKWNVEKLSQLSTEGRKAQDYV
0,KKTEAIERAKLLKAEAEKAAKALEAAATRSPLAQASSLKLG
0,LKREHAYIDTVGLGCLETPVKVIVFCTTAMVTSLMYLLLRE
0,ERSEESENEDHDEDMVVDAAKQGDEVAHALVAADALGKASL
0,VGPKPINRKREERERKKERKKEEEKKKKKRKTKDSPKRRLC
0,ARTMQAIVGGFGLGSVYIRLKNDENGVAQRLGLFAFSLSFL
0,SEGASEKKLTPIEEVASLDLKTGIELTEALRLQMEVQKRLH
0,KQTNSAITDAVGFSGYRFSQKPRKRKYLDSFLGSNREGPPI
0,DRFVNGDGFESRNLTMQSTGKVKTGVWCQCSDDSLRKMVLK
0,GFKCGINYQPPTVVPGGDLAKVQRAVCMISNNTAVAEVFSR
0,CCWFSALLSGIAALRSFALDKLHYWRESASGMSSLAYFLAK
0,GDLLVQDMRAINFHNSEVAGKNETGEVHNLTGQGMDVNSTD
0,VITVLGGVVQSLYEEWQMNQKYSGFSRSSLRISKESDNGGP
0,PRAVRQIFDILEAQNAEYSMKVTFLELYNEEITDLLAPEEC
0,RSFEVERTSSTLLLLLQHTLKASGAASMTPQRRRSSSTSLF
0,SSADRSSSSENGSSQKRRRKKVVAKVEPVVVVQPKLEIGGE
0,TSSPGCTNIANSPLRTPVSGKGGRVYGRSKASKSNRSGPQT
0,EERGIPSYWIDSEQRIGPGNKISHKLMHGELVEKENFLPEG
0,TTLDQKDVDHVLDPKLDSCFKEEMSKVLNIGPHLHQPPPHK
0,PAFFNGTMYSARSDGFIYAVKIINSSVLWKKDLQKLTGLNA
0,TETPFTFMTGEDLHLSYQLQKYRNAGSFVLPVDPKDKETWG
0,AYPVNCTFFDAYWSFVPGMGKYLLNLNLNFNGLLYLGNNIS
0,RAKFSYSLTSALRSRSFGKSKVVDRATPTSMSVALSPTLTG
0,GALSIVCKNADVASRVESQLKLVIRPMFSNPPIHGPSIVAT
0,NIIVRQRGTRLYPGNYVGMGKDHTLYAMKEGCVKFEQHKLS
0,KPIKNNNNTTPKKAANLLLGKQQRLVSTNTDEELKMFLHNC
0,HPDMAFVREIEIYKAENPTIKLKVYFLFYEDSTEVQKFEAS
0,QEPRVKNHKPKSKKKKNKKKKGNSGPNVTDINRFVLDVCKH
0,TFFNTSQDTYVMGRIPELCDKMIITCSHGWLILLDLVSNDC
0,RKPGRATQAKVRTRKRTKRTKKNKNAKNEKKKKRKMKKIKR
0,HEGITNSKSNELTEVKEENVKKKFVIKEEKAAVASRYMQGV
0,KDWYSGWSCMKTLITKGLVVKSSCPAKYMLTEEGKEAAREC
0,APYDDDQMKEIFKLTVMALEKLSLASGHCYTKAVSILDTIA
0,LEAALADLKGTLAELEESNQKEGPEIDEARSTITGVEQSFQ
0,EIQDRINKIRLWLGTFNTAEKAYEVYLAKKIELEEKKARIA
0,IVSHGEFIFYQLIGLDETSNKNEQMFSELPVLAALRDESKK
0,FNTAEEAARAYDAEARKIRGKKAKVNFPDEAPSNAPRHIIK
0,SDWISDPAIPIVTGFLGKGSKSCAVTTLGRGGSDLTATTIG
0,GTTLEENKVAENTFVVIMLAKGIDNLDFIPYVVLHNIYITL
0,SNLAAVYVKYGLNEKAESALKKLEEEMGPRSRYAYHCLISL
0,TLAENKVSEDGFLVVMLSKSKTLGSSGTSSTQPGSTTQPIS
0,LEKNFFIKKKKKKNTKQSKAKQSRIYCKKTRKRVTKSRVHH
0,GIPTFAGKSKSESKDKERKHKKHKDKDREKDKERRKHKHHH
0,PTPPSSIMMQRIPSMGIMSNKETTMNGNGSLSSHSRRTASW
0,HEHAFLTDDQAFDEESFTRTKRCRCVWFTEKKRWKIGNYIA
0,VEGDVIGFYINLPGGSLCAPKQPNLVWYKRQKYFYMEDGNE
0,AESIPKVMLSDENTPKSLKPKPKIVKKPVNQNSAQTKETNI
0,QVILDHQALPCLLNLLTQNYKKSVKKEACWTISNITAGNRD
0,YDMDTQQEIERKGKESKTRRKRKRERSSESEREKVSEIESV
0,VTESSSSSPANALASPWAESKDTKEHHQQRLPQSPPPDLLT
0,IGGVKGHFGPINAWHSIQMVKGFDKLVGPYIMDISFSSGGE
0,TFEYIGEVKNFSFLDVPRLEKVHIRFMVAYERGTQYMFNGI
0,TLFFAFYYQQANTYQQYLAAKELKKQSWRYHRKYNTWFQRH
0,GAGSEGTFFGRNIPPVDQNDKLLKPDPIVVATKLLARRTMK
0,THRAHSGAAGIQNPLSIHRSKPPPFSPFDSISSRVFWRSQS
0,RQSYQHVVEEDFVGFEEDLNKVVKHLQRVGDCTPGRVVSIF
0,EAGSEIEVHRTGQISPNSHEKLNEKYSKEGGDEHLPLVKRA
0,ENHESLSQPQSAKKAKKAGTKAKQQQQNQSFEELQEKLQQL
0,PIEDEAKIEAIQGISIDGESKMEHSKTELIQVTVIGIVLFF
0,FLYLIMEYLPGGDMMTLLMRKDTLTEDEARFYVAETVLAIE
0,CMWSICGVHDQGWQERPVFGKIRYMNYAGCKRKFDVDGYIA
0,KSPMPPRALPSPSRPRGRPPKDLNAPPPPPKKVSSSSSSSS
0,EDAVRRRTAVAEYRKKLLQHKELESRARTVRESLRASKKEF
0,PTASMYSTSSGSTDSYTASPKNPKSRKSSHSGELQSPFYGN
0,RMLSSEGDIVQTKGELHCSEKLVEVDEVKCHKANEYLVSRE
0,GLVLGFVLALILGVGLQFGAKLFTNDVNVLHLISVGIPFVA
0,PFDADQDQGGRIYARGSQDMKCVGLQYLEAIRKLKSSGFQP
0,EAQPPLAAAENVAAGRKERRKAAKREKRKQKRKELAAKERE
0,GWLTGGMMSFLVKSKTGDSVKCEVVDGGELKSRRHLNVRGK
0,VHGNVESAESTVQLLECFSNKLLPWFDKIGGFEEVPFHFAI
0,VFRTYNASITLDEMLRDLWEKTGLKSGSRIGSWRIGENQFA
0,QPDNTLPPPNKDASTNNNEAKKSEKISDSASASSKGGGGGG
0,FPSIHSGSSHPSLSELSTSQKSMTIVYVYDVMFLVDLSSNL
0,DTNPSNNTPEFYECCYNGDAKAGFGILRSCKRRGKEYYENL
0,FGGWFCPCHGSHYDISGRIRKGPAPYNLEVPTYSFLEENKL
0,LHHLVTQSRAATNGGIRSPIKSPIRSPNQKMIQLSTHKSSS
0,SSQELMRVFMDISNVLEVLGKVTVDTPFLTVLKTWTFGVGF
0,CPVVLRNQERNQLTPYSAPSKMGGIGNGTETPKRRYRTAGP
0,LQEAEERLCEGRRINNQREEKSNEMDRNLKQKEKAFEETRK
0,DDKIIERAQVWVDKLMPEKQKTRQSLLYQSLMEEKNRLETQ
0,AVLGISQVQLNYLAVASDLGKVFGWSSGLASMWLPLWVVLF
0,TQTRSRRLMRATDRDTTEDTKRQIEDNQSSRCVYTRSARGS
0,RIILTTISAMGSGKGGGLLEKPTIERTTPGRDSEFDLRKSR
0,WNEGGRTFRPIRCHTFLSFWKYAVFQVAPTFVMVDIQKAAG
0,CHKNTIDMGYICSVCLSIFCKHHKKCSTCGSVFGQAQTNAP
0,GFVAPFIYPELEWDFRLPLVKSINVSGHKYGLVYAGVGWVI
0,RIPKRSSLKIPLSFNTHSNWKAKLRENCYKRVQEDRARLLW
0,YWTKGGTLRNVPVGGGCRKNKRSSSSSSSKRSQDQGLTTNP
0,NQLHFLPQVDKVILISEGMVKEEGTFEELSRSGTLFKKLME
0,QLAIIMREARPAIRSVLSSMKQRPAMFIVDLFGNEAFGIAD
0,HAGGSDVENPRKFINITTLNKKHSCLHCKYIYVHNKLPRKT
0,AKIMESSWFRKGLKPVRIEMKGKEPASHDVEAVVAGFDLSG
0,VCPGFWHTSYFLPFEGRWALKNPLRGRTPLSVLNSPFSGSR
0,PAPKPAASAPAKKKPAAAKPKAVKAKKEKKAPAKTKAAAPK
0,LTPPSDSINTHFCSAEEKKHKELEMEDTKLDNQQDKNEEQA
0,QAIIGPETSMQADFVIDLGEKAQVPIISFSATSPSLSSIWS
0,TIYSSHGSSDYDTNQYNEDMKKFRKMALGTKEYGSNEHSAL
0,SPDDSPIDSVKSSIVDNDGLKHVLLCRVILGNMEVVHPGSE
0,LQDVDYSDPLHYLRGTTSSSKLLTATEEQELSEGIQDLLKL
0,MEETKDKKNAVEAYVYDMRNKLNDKYEEFVTDSEREEIIGR
0,GEEHVVEVNSVLEVSELQCTKRRVKQVQVDDSIEEVKTTVV
0,QVQFALERGVPAIIGVLGTIKLPYPSRAFDMAHCSRCLIPW
0,FDILCVVKDVVDPVKDEMLAKFVVDSHFKSQPKGVYIHEKS
0,SGSDACVDRKLVLEASEGLEKVQKVSVCMKQSAEHLQRRTS
0,QASKQAEKDAKKKARAKELKKLRKAREKKAQSLNLCDLQII
0,MDGAGKVKKGAGGRKGGGPKKKPVSRSVKAGLQFPVGRIGR
0,PGPNGRTISGVTFRFSATQIKIVCACHGSHMSPEEFVRHAG
0,AKMGFDIHEVIGSLQNGLENKATVTYYLLADSHFRVHHNYL
0,YPKGNGQAEATNKTLIRILSKMMDEFGGTWSEQLIVALWAY
0,PPVTAATLQQVAASLQMYVEKLPEMPKLYGYTTNPTGSPIP
0,PKFEETSLRSKALLEQMNTTKDASDYLWYTFRFQQDSNNDQ
0,FLVFFLFQFSMMLRLTGFPYKKKVAVIYRIMWSLFPPNLLS
0,VLEGLRRHPPEHFILPHMVTKDVDLEGYQVPKGTIVNFMVA
0,VAMGIWIDNMKKGGLEVRYEKDERIFNEGCKDGYVIAHYQG
0,LEDPLISLSSIKDDDHLAAYKIPKFVKNTKFLQLIHRREEH
0,TAGNKIRLWNKGVDSESFHLKYRAQEMRIRLSNGEPERPLI
0,KGQAALHLLKDLESRGISYSKRRKQCPDGVGVQSTLHLDNN
0,KGNTAVYLLYAHARICSIIRKSRQTGTIVLAHPDERALGLH
0,QANKASVIPLEAKAQIRQQSKPQPPSKAQTGSQVTSTQREA
0,QLRLEAKTVEMERNILDQEFKIKNEQFSVLQIEGNRLLEMN
0,ITLKSDGKEFHWKSGESLVRKLELEGIVKEVFPLHDEIKRK
0,RGGLGLASDQTEIEFASGNQKFNQPFKDLTSEPQGPLIYET
0,GGTFDANGFLYDGKWGGIVTKQGSVDSGADFGFGIYNDHHY
0,KERENLDRWKIEPSRAEIELKQQRVANSANRTSTDRAPKLT
0,KLRDEKEVHDRQQHADTEAQKNLEENLQQLESRKEELELQE
0,SFLPFRLGKQAAEESSQEDDKQNSNPFSFNFGNASDMKSLI
0,SSKQTCIARSTMESEFIALDKAGEEAEWLRHFLEDIPIWPK
0,ALVDSDPYGLKILSVYGCGSKNMSYDSANLTTPDIKWLGVR
0,PVNSVYRVKVETPKGVAVTVKPAKLVFSERVRKVSFAVTVT
0,YALEPIFTVIFVINLNTVWEKVMSNVRAQIFQRVLIQKVEF
0,TITSLTKSADSSHFLTGSLDKSAKLWDIRSLTLIKTYVTER
0,KVKNVMLIGDGIGKTIITGSKSVGGGTTTFQSATVAVVGDG
0,MAWFLKGEDLSARQNAVLALKQLLSLDQKHVIAFVEIEGVD
0,TTFRYLLVPRVAPHERIVVSKLGLKGVYRCVVQYGYADSLD
0,TFRHYLVIAASLVLALLVHEKFTFQEPRLGRPPDLSSSNYF
0,KRVLLKSMSKKAIKAQNESSKLAAEAVSNLRTVTAFSSQAR
0,NALFRTELDVFPVGENGEESKSDFKMKGSPFHRSCTIYSGN
0,EQILDLLDPTSTNLQLREDTKKGVYVDNLTEVEVTCARDVI
0,DEDALADQIGQNIETVREAMKVMDELKKEEQNLKKLIRNIP
0,KLPVRSSGHSPARAENPWFQKFWLPVKVLSCVISRSSGESC
0,KKANNLSQIVSVPNLKAKPLKKIPERSSLQQITADQYASRS
0,RGLSGGSNDRYHNRAADDTRKPSEAMVPGLPCKRENSFTVK
0,KETRSLHCLGGILADDQGLGKTISVIALVQMQRFLQSKSKP
0,VNTIVFDKTGTLTIGRPVVTKVVTLGHENNKDSQPNSNCTW
0,PMRDPGATPIHDGMRTPMRDKAWNPYTPMSPPRDNWEDANP
0,ADYALGLHAPGFFDKVLNVNKCLLQSEPANEVLKAIQDCWR
0,KAKSEGSINGNVESRSYLEKKLVFCFGSYISAQLLLPFGEE
0,RPEAKTENWFSLGELNERLMKLREMEEKETELKVGGISFRD
0,TFSKFSVLLELAATDDLISFKIAHEEEAHDIDESSLWYGRR
0,GEGMEEGEFSEAREDLAALEKDYEEVGAESAEGEDEEEGEY
0,LDAEVLSMSMDLFIARTMITKASLVFRGSIDITESQLASLK
0,LSSTTSASHHHHHHHHDHHLKSLHFSLYQHETINQTGFFIV
0,KIKQEVITTDDTAGISSETVKASIKEKNKQIEVLQRSDSNK
0,EQRSDESEPDGALASIMKVLKQIHSIFFDTEPGTDLADRDV
0,VCISLLDMGNDANQLDLNFRKFFLAGNPQRQQQSLSRQEPR
0,VFLNGALHWISTSGGDSFVLKRCRCLLSLTVGRSRLRYFGE
0,LKIPAAMRNPVKDERTDISAKPAAKASAELKIPAASLSKQS
0,VLALQPLPEMASVPTIVEVSKSNTCELLKSITGLKVEPVEN
0,FDILMMVLVTGRERSEKEWEKIFLEAGFSHYKITPIFGLRS
0,LLSTFSVQIFTVPTLTPCLVKEKNLLVLLLECLEDIFISCT
0,TCLSEYDMEATYFDEGVRSAKRQQLEEKLLQLVQPAYQSML
0,VSLLICPFWFLAQLTFNFSLKYTTVTSNTILSSASSLFTFV
0,QCASIFDSSGSPVSGGKVLGKGGKQGIPIQLIGAPKWEECR
0,NWSVESSVTQSTTCAAGSTQKRGPRGRRGRKPSAISEVTSD
0,PTQPKEAAKSKPKEEPKKEAKKEPAKPKAEDVEEEEAPKPK
0,TTTMTDEKEKKPKADKKKDQKKVPTEEVPKDYIHVRARRGQ
0,LPTIFNERSQLGFLDSEGGTKQPTLNPITLVINVEDTSSTN
0,GPVSITLRHRLQCHVIREAAKNEYETEEPILVLNEVTIDRG
0,DEAQSIEEEGFVDIDDGGSSKGVNESFGSDDDDEEASVLEA
0,TMPESLGNCQALRSVQLFNNKFSGEVPLGLWTSRNLWSLML
0,EVEEEEIEQEDNPDLTKQLNKQRRRAIAAAHGGRRTFASRN
0,STPTPTTPSPSVVMLTGQTQKTPAPRRRGKKQAPLPPAVPL
0,FVFGVSEASSSYSSSHHHLVKGLSWSFYESECPKLESIVRK
0,DFSFLPDVKVPGERAPLVSTKKDGSSSDFNSYLNAKGDADI
0,ERNGIEDLPLNAMVIDTVLRKAVKDFSAQLVSEGIQLGLLL
0,RFVMDSYEECRGPPRLFLLDKFDVAGAGACLKRYTDPSFFK
0,YSDEEPEEQDVDIENQYYNSKGLVETDPEGALSGFAEVVRM
0,SVYTLDESEMAWQRVTDLGSKMLFVSHSTSFSSTKVVEGME
0,SAIARLHGGTLEVLNLDGCNKVTDATLVAISDHCLILNDLD
0,SNMKSGERALLHVGWELGYGKEGNFSFPNVPPMADILYEVE
0,VIVAAKKDKKKKVDSHSFVPKSDEATGPFPEAVLLKEKKVQ
0,GNEDNPPIWSEIMRFFSNARKPMILALARPDPKKNITTLVK
0,SFSSASVTSNVHVNMVQGYVKGVVTYMVMDDLMVKPMSSNI
0,PRGYVASTTANETLHLGRGSKLVQHFDQRIYLGCPANSKPV
0,ETALYVTAENGHAHVVTEFLKHLDLQTASIAAKNGYDPFHI
0,RGRDIATSSKNSKGDDVKDVKVERRSASPFQISEDSSQNQP
0,QDQCPIVAGLLLQLDLLEEEKAAEEWERKMAFVLVSHEFGL
0,VSSYFPHKSVNESVQDNRQEKLLVKADLTTSTCENAIPESA
0,KFLFANENKLVGAWWPKSFNKIFLSEGTSALNSLATSSASV
0,LLMKPIPQISSFNLLLGAVAKIKHYNHVISLYNRMSTFGAS
0,DSDEDCEIDSKIMAAFVKQFKKSFLKKNPNLLESTHSHKSK
0,VDDGLNGSIESIDGGWIRGTKIQNEGERDSNQKLQEETIPL
0,SCLTVLIQLGCFVMFYVRVLKKDINKYANDEELLDNQEETG
0,VPIPEETPNARNVQEDTDLPKGPAPPPIPPQLSKAPTPVNI
0,TLTSWHLLVTFCSLHVALWMKLFEHKPFDPRAVMGFGVLNG
0,GVPYTAIVVILHWNQVLSWIKQLGHTRHAHIPSKPHIHSQS
0,CSNPKCGWIHNTNVTNCQDCKPNSKNCTQICSPYLIFYGSG
0,SNAYEKKKLEFESILLSERNKNLNSCVASPICHPCVSEEIN
0,TGGLPSTFSQCSSLFSLNLGKNQLSGNFLSTVISALPSLKY
0,ENKAVLTKMKKLEDQAEAATKAQQMVEEKTESAEAIKKVTE
0,IKEELYQLRPMNCPYHILVYKRKLHSYWDFPIRVAELGTVY
0,VQHISISDDAKTIVTSGPGEKHLQVWKCDLSTGVISKGPIL
0,TTTTENRPSVFGMTASPVNLKGVSSQVDCAIKIRNLETKLD
0,QALFGVKGGRGGRVTAMAMYKVKLLTPEGPQEFECPDDVYI
0,GFQEVGMVDPKEETPMMLERKVRPQKDQALNCPRCNSTNTK
0,LPQTLGSSLTNLVSFDVSQNKLSGLFPDGICNAKGLINLVL
0,QLQTSKPNGESTSLQEEGADKGNDLGWLPAFPHVLVASMSN
0,QHRVQTIITANTSAASASSPKISMFAAKSGFVIPKNKLSGS
0,MQIILENCHNKSSFSGLEHFKLLLASTDPEILIATLETLSA
0,CSFTIAIICGTLVAIMLRWRKIKKELPPRAQKHSREIKPNS
0,RLLPKCKHAFHIGCVDQWLEKHSSCPLCRHKVSADDLALST
0,YKRFFPYYAFNVLGGLDNEGKGCVFTYDAVGSYERVGYSSQ
0,NLRSNYHFRIFRWTESEINPKRRDHDNNPLPGTKHLLAQSA
0,INVDLTCRDIHLSTNNHTTMKDGSASSEHQLESSSKVGAPL
0,KDGDNEHENRRDRRKEQQRAKAEVKKVEQLSKEIDSLPDII
0,RNLSIFATHLLPDRNIHQVIKQLLNHSFDLCVKMGMKLYGI
0,VIGNGENQEAVDEDIILEDLKVSQAMSKKYVKVSRSLTLKE
0,MDVDDEEILKPGLISELMGLKMQKDTTDTLSADSKKHDNSS
0,MTLPPAALFIIRYHSFYPLHKSGAYTHLMNTDDVENLKWLK
0,LPLKIQIDTKIQAKIGKMKTKRIGIRIVCDGIKATVPTGKT
0,SLLADSFFKLRCEVLGANIVKSGSTTFAVYSISVTDINNNN
0,AVSPECRGQGQGDKLLDYIEKKASSLGFEMLFLLTTRTADW
0,LEGLYDTSIIFFDGAIAQINKHLNTLDDPLIRSKWMNVKKA
0,SLSLLKHLHSLIITSGSSSEKFVSNHLVNAYAKIGELSTAV
0,KIVESRIARYYSPNSPTIFGKMTEEDSFFFEAVRRISKLNK
0,EDQTRKDDKKNSKSSAKPASKPGSGNARTNHTVPRPFALAT
0,GSPPPPLSETPKNSPPPPQSKPPTSSPTPPSSLPPENSPPP
0,KGGKGLLAGKTTAAAVAAKEKDKKRPVSRSSRAGLQFPVGR
0,ELEPYMQNAWVDEYSASELSKVVDPLRSVITSNSSHLSDRC
0,DDDDILGPETPGMRPLVPRLKRIQEDSCNFKDRSDCSLLDS
0,SLFWVVVLATKFCFTYFLQVKPMIAPTKVLLNLKDVKYEWH
0,QLITYPLQTVNTRQQTERYLKKEKRKLGAIDRMSQVVNQEG
0,AHATHETGFFCNIEEIDGASKTYCDQSNTQYPCKPNKNYYG
0,VDEKDIAEHLRIRLKKEQEEKEQKRKEKAEAHLYTIIKVAR
0,VSAPSLGSTSSSSFSHVGPPKKIHRCKTAPAMAVVRDLRTQ
0,LPEFVAEVEEVIKPVLNAYFKGDAEVLKKYCRNEVIERCKA
0,ILKPFSSSPYAIFSLTASTSKSSRCSSITRVTSVTSTRMEN
0,NSGALKPLIDLVEERHPLAMKDVLKTISRLCEYRENQVRAV
0,VLSQVLAIATPPPSEDLQYLKSSALNVWLVGYEFLDTIMKK
0,PAKAKVVAKPKAAAKPKAVAKPKPKPKPKEKPAKASRTSTR
0,TSVEGVEKGGYIVSDNSSGNKPDVILIGTGSELEIASKAAD
0,DTINEFGWDNKHAGINVLVSKEVLMGKDDELKSFQLNADNF
0,LFWTSPTVVSVVTFGVCIALKTPLTSGTVLSALATFRILQE
0,ECNEKDELKEKIAEMNTELLKNKSEMLEEYFCIYVDSQGNL
0,VVDGSFMEEPGSGAVATIENKKVSVGTVDWVRRHGVGQYLS
0,IALSVVSERDCRGETYRGNSKGLAAISRGFYQFVKTIESSS
0,ASGGTVNIRVAAQHYCGNVIKKLIFNKRFFGEGREDGGPGV
0,AEWTVVLYLSFPVIIIDEILKFFSRNTNGARFKFRVRRADI
0,FMIASIIVVCTGDRQEEEEGKKKIKEILKSGLDDLVNVNSL
0,AAALGHCITVPSILRQQSHRKLLLKSNLSPNASCSSDTSSD
0,EHDHIGLALAMAYQSVTNHHKQRPPIDDLEPNDSIPNPPRA
0,GISENIEMTLHKAYSNVCNSKSPIRTLKDFSQIKGVGKWIL
0,VSRQAVAEAEAKSAELVEARKELAELRGEVGRLTEMASSAE
0,IQVQNDSRATATLETETEFGKDARAIRERVLKQAETALKGK
0,HVMKTKQKEDMAREEAVLERKKLIEAEKLQRLAETQRKKEE
0,LTQLKFLNLNHSGFSGQFPWKSLENLTSLEFLSLGDNPFDW
0,GCRLFGIDLTNNSMRPAHPEKELACPNAVPTPVVLSEADMT
0,AQGGPGGSGGLGGPMDFGRSKSKFQEVPETGVTFADVAGAD
0,SMALTYPTLAAAPHMFINAYKNVLAVAVETPYSFTYAETVK
0,TRSCISMSPIVPSHLSCLINKLVNAGCKIAQCTHDMLEFSA
0,SELANAIPGIDEAMSFAEMLKLVQTMDYSVIVFDTAPTGHT
0,VRIHCKKQDGLIAKILSELDKFCLDVISSSTMPFGDTALDI
0,RKSSSASASAENPTTGKIALKIKSTGKKMKKVMKQSRPNSG
0,NGFLACLLRSNSFQKAWRVFKDMRGRVGMDVYSFGIMIKGC
0,PVIPPVHQIATSSSETVRNMKNIPPSSSSLPSSMRVETSTY
0,DRGDPANGEHGKVGKPAYLEKWITTITSVASASEASFNVTF
0,LFEVLSFTCFISSTVVVMAIKLRLNIYGGGRKFKHRIREMM
0,CEAVGSSLAWTLRDIGESIMKMERCRPKAFIAPKLQSMKQE
0,SLRYHLLHPDYLYYRIRELQKNFKLRIVLCHVDVEDVVKPL
0,KLKSLNMEVDDTTRGRVDEEKMNSEYEQFLRDLEENPDMRF
0,PEEAALAYDGAARSLRGSKAKTNFPPPSTALSLDLNLPSDH
0,WVIPTFGPHLWQFPLHGIPIKDDVHRVAVFAFSLLEGHVLP
0,LTFSWINPLLQLDNSKILAVKDIPCLVPEDEAVLSYEKFAN
0,VIDQALGVKKDFSCSMDSQSKSTSSWGVTVNAYIGGRAWAY
0,RPAAPDASVLETAASNLEVTKDKERTTSTSETASFTVDHSL
0,PDISLWGQHSALQTLVNILEKPQSLATLKLTPSQVIEPLIS
0,LQWSGFYCKYSLEAPRITWTKKHGSEALSKSMNMISWKPLS
0,KTRSSSKATFLNNGGAGLRRKNALLVIAHPDDESMFFTPTI
0,HSKGLLQTEVHDLYLKGWNFKTLNFLYGSFTISILMNFIKE
0,LFLNGHIRPMSPLPLRTAQEKEEEVDIQEEEEVDIQRILEL
0,DRVILPIASKVMGKPAYLSPKQRMVAAIVERIRRAKAIEEG
0,AQIASDLWDIGELSVGSTRLKELEFCPLESENYVPCFNATE
0,VPLQGNSQSTDLEQTILLRLKRHWSNPPSINHWTPLPPNSN
0,TKNAVESLRYRAEDVARSVTKIAVRESRAQDLRNEILNSEK
0,DDLSFTQEAQETNEVSEFQNKSFDQHTRANKHQEDDNSTPS
0,FLPSRRQHRMAGFAAIEIAQKVSKAWRSLQYSNKNTSKYGK
0,AGTNNARIAGMLRNLSSYYYKEASLLFCVRIAQGLVHLGKG
0,PTWALAVLCAVMIIISISLEKTLHKLGTWFRERHKKALIEA
0,QVMMRLFSPRKTTLMFVIRDKTRTPLENLEPVLREDIQKIW
0,SRASQSSAGGNETSQMMMYCKMQDILKNIYNVPSKTEGQPN
0,PALIVETQLSAATGLRWMSIKGPIGELGEVGEIISYGGIFR
0,AFGVLALEIACVLQNVWRHYKDGTITEVFKSSFNGDDFQNK
0,MVNMWAITHDERVWPEPNEFKPERFLADVVSIMGSDLRLAP
0,AGLRAAIGLSEHGFNTACITKLFPTRSHTVAAQGGINAALG
0,FLQHPRLSVKRGAPSEKAGKKPAAKKGKAAKDPNKPKRPAS
0,VSANAEEVENDDDSTDEDWGKNVETQVAEDVSEEDMDMEDE
0,CGRETPSVAGIINPGSEGFQKLFFGQEEIAIPVHSTIEAAC
0,LPLLNNITNGSGDGSQMLLAKVLSIATGSICALLAVVLLLM
0,SQIVRALEGDSSLDDLNDLGKPAGQSSAYSPSTGSDTQTYD
0,LDKIIKNVAWRKHTQLVAACKSALDKLDTLSDSSSDPASCS
0,SPSSTPTTTTPTTTNVFDVGKYTTLLLSAEPNTCTTKSSLS
0,VPQMIFLNSLFGYLSLLIIIKWCTGSQADLYHVMIYMFLSP
0,TYLLSRDHHNLKSEFQLGNRKIKVDCIENQPAVDVVLGEHL
0,SGNCVSSYGSFSVFMREDENKLMRNGSNGNLNSGGGFRGRG
0,DQMNFGGHVNPSGSEVSVSTKCRYFGKVIDFIDAILLDKPD
0,AAGLLRSQNISVTVADARFCKPLDADLIKRLAKEHEILVTV
0,HKVPCGDGPYVKAKHAQLVQKDLEGAVVWFWKAINGGDRVD
0,LLKKEDCVVSTYRDHVHALSKGVPARAVMSELFGKTTGCCR
0,YAFDTGRSLSASETRSCNLEKDSVHNLAMQIRTNYFATELL
0,MLFLQSVTKHADKLKQTAESKIINKDGGLLLKDNFEGGRTW
0,GLCLEEFFHYLFFDDLNGPIKSQTSSTSKFGRTQMVHHDMT
0,SPLPRFSDNGNASGNPTQNAKPVSVHPMPSVDGEQPKELAI
0,REHVFAYIDDPCSATYPLMQKLRQVLVEHALKNGDAEKNVS
0,LDSLSIGENGLGSKVGAPLGKFLGTGIQALDIEDIGLGSSG
0,EGLKQYYLQHIHDLQLQVRQKTHNLQRLEAQRNDLNSRVRM
0,GNPIWKNRVESWKDKKNKKKKVASKAVKEAQVPPAQEMEEK
0,LHFYPSRGSLGRKPERATQAKVRAREEKKKKKKEKRSKKKE
0,NNFNFINNLDDDYYMNFVEEKPQTKPYALTDAYPASGDGGL
0,QNNSIGTIYCRPAENIADQQKVAESPDFPSSGYFLVIPDMA
0,AIAVFDSAIQWWSNAMAEDNKLNVIMQEAASFKLKHGRKEE
0,LKVFTLSLSIRIGVRSVMLMKLADRPFFTQVQYLLGQCAQH
0,PQNPSHMSQAEDRAHRRGQTKAVNIYVFCAKDTSDESRWRN
0,EGKDCEEEYIVARSAEEALDKAREKYGNVAIYQDPDVLDTW
0,RHSTADREWEVYRFLLDENCKFELSKVVVRNQIVNRALASP
0,HLAYADVLYTLGGLENLQSAKKYYASVTDLTGGKNTRALFG
0,TSAVTMEWAMSLLVNHPEVLKKARAEIDAHVGQDHLIDEHD
0,PVISPSPSTAPAPSPVVPAPKSAEAPPPVYSPPAPPTETPA
0,YLEMETQQDGASAEADLYLEKKLAKKLKVKEGNLRGDDDDI
0,EVSCLFAEIAQHGLRCIVFCKTRKLCELVLCYTRQHPIWFS
0,LSINQTETTNGDDSSSYAENKTREERLLETIVTSGGVRLQP
0,LKHKEHIAAYGEGNERRLTGKHETADINTFLWGVANRGASI
0,WAPNVFWGGFEEVTCSLPRGKSHELMATETNAQTSTTVVAA
0,VESVPEPEVAEPAAEEEPAAKGGKSKKAKEPKAKKPAGPRK
0,LSLVGNAVVHQEHISCFLQPKTQVMAALVLKCCYQILKLVS
0,GRKPERATQAKVRAREEKKKKKKEKRSKKKEKKKKRNEKNR
0,QDELTKARDECTRLSALLEEKTKALELVISENQEIKAQLEE
0,QRPGATTTDYIESISKARHDKNVADDHTKTHPCDELDASDT
0,STVDQVTQKVSTTMDNKRKRKSNYSPHSKHAREVKGKKQNK
0,AAGRKERRKAAKREKRKQKRKELAAKEREEEEALLNDSEEQ
0,LGPDALLEPMTIDELINSLSKKKIGIKALLLDQVEAAFLSF
0,LDKNQPELVKLKEEMSRINSKIKSSEKELKKKKEERKKHAD
0,PNVDIRDSAGFLSHSFDESLKHVQVRDRTTNPAIYKAMFVF
0,DVRSLILEHWLRVLVNLNSTKATGIGRFENFLLLLFERGKA
0,KREEDLRGARGTRIDGEELRKMQVREGIPAGSPRVSNTRRN
0,HNPGSDPLPVIDLHGLNHDAKHTLAEACKAWGIFRLVNHGI
0,ADLVFSQAFSTSVCDADEPMKFTTSDSPGDEKDCKSNQKVE
0,ATELDPTLTYPYMYRAATLMKRQNVQAALAEVNRVLGFKLA
0,TGAIAGFFSQDHVKMGDLVVKDQDFIEATREPGITFLAAKF
0,NHNISFPASAAAIYFTSVADKATHFCNLDCQDTASPTKVNK
0,LSLAATRNNPHFIRELRLRMKEAQRSLGEATKDSELPRNSI
0,WDLKSFHVLSFTEDEILDSIKQENLIGKGGSGNVYKVSLPN
0,CKGRKTQNAEFSDPLEPKASKKPASHEEDDMQLASGKEHSS
0,GIGIQVSLYFHSNCFPIFDSKASYRDISISYIWSLALTILV
0,LKQRRWRWQRQLKLQLPEKRKPPAKAPAKALPELMEEEVIP
0,NSENEAVCDSSEGDTQIRNVKYGTRHVLVLADFPTSTRTAD
0,GSVTGDNRNSARTSSELIAYKTVNDLPPPREMMIQVDQKNE
0,STTSAIVFVLIASGFLLMLYKLMSVWFIDILVVLFSIGGAE
0,DILNASKADTQSLGTIADAAKISAEASARISPSSPKPPPGL
0,YVAEPGYMLFRAGVPRHAIIKKFGREEISRLADLISVLSKL
0,KISFPAIGKFVKSRDEIDSDKIEQEIRDSIIAMVKKRENKV
0,FYINVALKRLEGCRTLAEGTKAIINLGLEDVPVPGESGFPF
0,NGDVSEELKSEKKKKKKDKRKSEQELDEAAENGNGVNGFDA
0,EEAVTTEALTVVAETTRLCEKTVKDVGHLGNSSKRPIKDSG
0,LLALRFFIYQYGLVYHLTITKSTKSFLVYGISWLAILLILF
0,VPKHVREMQERLAKLKELEEKKKREEEEKLRREEEERKRLE
0,EIAISKNWNPVNWYMGRCDSKDFSYRRQETFDAFASKLNQQ
0,VIGRNCRFLQGIGTDPEDVAKIREALKLGTNYCGRLLNYKK
0,SFFSLDGTEFTPASLFHGLIKSARKQLPKLIVGSLLVGAGI
0,SEDTNPTARRYPNHERHPPNKLAIEDELSTLQKTPTWELVP
0,SAAASAADEAMAMILRLQEEKASIGMEARQYQRIIEEKSAY
0,KTVTASLKVATYLNGKEGEGKDINGFDKFGDEDDFDPSAPP
0,QPSVQVTPPSKQEEIVVGVVKGGCDESVQTISKPVLQATIS
0,WTTNPLIFDNTYFTELLTGEKEGLLQLPSDKALLDDPAFRP
0,DLFAVGSGRMEIELAELKAAKEKAESEAFAAFEAGKGASFK
0,KGVNGLDKVVLREVRGSSAEKSRCNVFIGDILTTLPCFLEQ
0,VLVRLQRVSDSRHSDDYALNKALRAQLRNQKKRVAEEELTS
0,GNPSIYTSLTNSLMDSFQSLKLPVDSVSLGNLTADSDNYFV
0,IYAPWCGHCQALEATYNKLAKHLRGIESLVIAKMDGTTNEH
0,MGLQVMWSFTLAFLDAYALAKKKVVHNHVLVSLFVVGDWVT
0,RALMVEAILATKKQVPALTTKCEGKRSGFIFKKGRSFSKRQ
0,AAGVNPPGGFNQESGKAIMGKQTPFKVFMVCNIVALFLSLG
0,ERKIFTGFSPHSKPNLFLSSKPEPAAAPPVPPPHAVAVDDV
0,NTEQNDDIASATHSSSLSARKRQFSTPDCIDGGSYVKLYVG
0,LRILDLSETLLQQLPSMSNLKTLHELYLKGCPDLTTVPDLK
0,HLLLQLFEPFVRLLTILDIEKSVMGDVYFWRFQALEAVKCK
0,SSVGGGDSSITSNTISNWDSKIEQCLAAVIRVGLSCAANSA
0,FKQEIQERTLGSKPAAELLEKLKPAYWFSAHLHCKFAALVQ
0,LLGYHAYDSTCAEREYLVSVKKSEYETIKNQWQVFTPSVIN
0,FHEKLAKLKEEGKQRAHDFFKDLAPEHWANSYFRGMRYGEM
0,ILEENMMKLGVAGSGDEDGFKLWQSLVRQTELTAQLCSIMR
0,IRHNYGKEGKRMDYTPYSCQKIISSTPGVGDHHGCPFRHFS
0,PVGVRSVHEFKQHQQNQQQQKLKQKQQNQKQKQKQAFRKQA
0,FSDVPELCGLALRSHLLVLLKGKIFTKQRELSGSEILQRFH
0,DELLRASAYVLGKSGLGIVYKVVLGNGVPVAVRRLGEGGEQ
0,VKAKDLALEENVVVSANALDKIVVSANAVDKIVVSANAVDK
0,RGGPPGDLFVIIDVLPDPVLKRDDTNILYSCKVSYIDAILG
0,LDNMDLCSNHEDCEARRDLMKMTKGFTAKEPVKGHTVNVVR
0,CPTQGCNYDSARGDQCEQCGKLLNPTELQDPRCKVCRNTPR
0,LSGLNVIVETYFADVPAEAFKTLTSLKCVTGFGFDLSGKYL
0,SSGAAAAAAIKIAKRPENAGKLIVVVFPSFGERYLSSVLFD
0,KSAGGLGLQLPLIVRLPDVLKNRLESLQSAFEFAIQSQGYE
0,PIGHREVQPLVGLSDPRGNAKDLRFVEGGQMVPRQPSKKLS
0,KKCSKAPKIQRLVTPLTLQRKRARIAEKKKRIAKAKEEAAE
0,YVKTCSSNCGSQIPQNCCQRKEAASTIRNNEGNALSIGMTI
0,RIIKNSGRSLPHSDFGVCRTKFCRKVLRLLSQKKKKRRKQI
0,SGNSGVISFHSVCGDAPEIEKKTSSEDASDGGINQDAALAM
0,HTPNPGMTGRGPQGLSPRHAKGLLSIAIVTTGAGFLSSFSP
0,RIEDVLQADNLERNPSHGEQKQYLQQDSSQVMREDKFRHTN
0,IKKLQNDLHDMTKKLDELHEKVQDGGEKLQLADSQLEIYHQ
0,VNANPIQQSLGRNLEAHVYYKTSNDCAAFLANYDSSSGANV
0,NSELRVIPGDPVAMITAQARKSDAEDNAYSFVHCKVTGTGR
0,APVPHRRSLTMARRNVSDYEKAVSRIKKENNRMLMRRCRHF
0,NAMLIACAQHTHTNKTFHLFKQMDSVRMKPNFITFLCVLYA
0,ETNAEAVISDSMHLLSDALFKATGAGESVPESEVNHADDLQ
0,TMWSSLFLKQNKKATAKTFAKFRVFALQSENSTINRMEDLL
0,NAIEIAEDTVSSPTHHNAELKMHIADATTVPLSSDVHDQDS
0,NHHVGAPVLSKMIRQDLITMKEAMVEVQKKTDHINVQINQV
0,YRERIALQLIDGEDEDLDRIKEESRRRMQAILEKYKIQKLQ
0,LKPRWTDLSHTQISGHYDEIKAPKTHTSMYNAMAYQQGLKA
0,SAGTKRRREVEEQTEERSVKKERLLESEASVVSSEASCSLT
0,RVFALVDETVGDLAGGRYYNKETIAAITLGMGTNAAYVETA
0,GNDPEEREDLAPEIPAPPEIKQDEDDEDETNEEEEGGLSKS
0,PVSKTLFHSSPNAQFGLRASKKRNLLAGSTIKSKVRASAEG
0,SSTAIEWVMSEILTHPRVAQKLQQELMSVVGGERMVAETDL
0,PLTYHQAWSLKEKVKKELEEKLENLFKLIPEFCNCLKEAMP
0,PPCIPQAVLESKAKKEVDQEKRKLERDLENENGGAGVYSAS
0,IEGSGTFDNALDFEDHATDGKSRVENSSLTLSKGTEENRQK
0,YVCFIVAVPGGLALLMEPPTKTLMKKSPIRSIDSPITRTMW
0,LALLEQPYIKNDKMVVKDWVKQTIATIGENIKVKRFVRYNL
0,ATSLIIYLTRVIHQDLKTAAKSCNYWIGVTTIMPLFGGFLA
0,IRLQVGITNFRSLNRTSRTCKEADSLHLKPFFTTKTLFSKP
0,ALYFIVFFVMEGVYVSAVSTKIPQGGWIPFAISFILAFIMF
0,GDGDADADADGDAEIEPRPQKKPFTLITPTVHSGFSFSIIH
0,ELDSPTNAFEGNQLDGNLSSKLVSSNSNETEATSSLARKRL
0,IWRAATATISLSASIENGRDKGRYVLNEAQATLKMGEILGM
0,KTGLEEAHRGWFNSGVDSLVKKKKGKIQGNSERIQCYECQG
0,GDGHLLNFLLNMSTGELTDRKKVSLGTQPITLRTFSSKNTT
0,RHSHVAASWGYTRFVNIRDGKGATPLHLAARQRRPECVHIL
0,MPTGTCILAEGFLQQPEEPGKHAVELKVAKLLHVGTVDQDK
0,TILEMKHRDYCSGLIKNWNEKLQKRLISDDLRVRSLQSQIK
0,LGGGLVPGCLVLVGGDPGVGKSTLLLQIAAIIAEGRDFGAP
0,IEARLENISHHVSNALAMVGKIKTASSRAEVFPEYGTVKGG
0,QSASGSPSSTQNNLDRYFRQKGPRIAKVVRRINCKVEPLEY
0,NNIQSLSHLRPDTYSFPFALKAVPRLGLIEDQNQNQIQVGR
0,PPGIYKPDYIDALYNFYHERKPEIVVCPSTPEWKRSSVLDL
0,ILCGVTAFFVAITVPFPLYLKLISWIVYALSLLAISICNCP
0,KIVPADETVVSGSFKIGESGKVVLTFNNQTSKKKKLLYRSK
0,MKGGRSKAEPKKADSKLSVKKKGAEKPAKQPAKKGKAAAKD
0,ISQQSQPQPVFLRSVKENQPKSQAQAQAQSQSQSQSESQSQ
0,WTKGGALRNIPIGGGSRKNTKRNSNPKRSSSSSSSSSTTTA
0,AINCGVIDQWRLARTVGFPPKEGMEENVEPDPNGIRSITER
0,LVGPVLTFHTVAFTLGYWISKIPVFRQKEEVCRTISLCTGM
0,LASDVLHAGYDSDEEVYAAAKAVDAGMVEYDSDDNPIVLGK
0,VFVLLFAPLIVVIHEEFRAWKSDKQALNDSRPPKLVIVSKD
0,VAGISNELDAHTLDSILCNLKESLVDAIESGSIGKFKLHVK
0,VVESRERPFTADEEGALMRDKSRREVDHCNRSKTPERSGRR
0,ISPLLGLCIQAPRTSRASLVKGRSHAHAVAQQALIAHWQSI
0,EPTEGRTGRLVSGNGRPSTSKRIQSGSEPKIMPFSRATASK
0,SNSAAGATDGTAELRTYQTWKASNIFFLQGRFIFGPDVRTL
